AL_ID,AL_Name,AL_Genre,AL_DateCreated,AL_SpotifyID,AL_Image
1,Live From Fenway Park,unknown,2024-08-30,6o5iGTU8HzbS6LFGI8LPa6,https://i.scdn.co/image/ab67616d0000b2736fa7a7aba4957476e32f9d10
2,Stick Season (Forever),unknown,2024-02-09,3qBWNcWifNhUKJAWzswdJY,https://i.scdn.co/image/ab67616d0000b273ba6fb0a7e6c53fb8faa96226
3,Stick Season (We'll All Be Here Forever),unknown,2023-06-09,1pb3je8gXTs5dpRRTKhHRC,https://i.scdn.co/image/ab67616d0000b27365a472d8326d4571bf725422
4,Stick Season,unknown,2022-10-14,50ZenUP4O2Q5eCy2NRNvuz,https://i.scdn.co/image/ab67616d0000b2736ee35072df1af802cca09918
5,I Was / I Am,unknown,2021-09-17,0b693AisoJYg4Ilj10LkYG,https://i.scdn.co/image/ab67616d0000b2735282d57c8563f28262bf0905
6,Busyhead,unknown,2019-06-14,3DNQrMjvVGiueVrj1qquJd,https://i.scdn.co/image/ab67616d0000b273a82b6363eb1895f2e9aae530
7,To Love A Thing That Fades,unknown,2025-09-19,1mBprt4SXV2ih1O6HVRbUK,https://i.scdn.co/image/ab67616d0000b273ac0c6e179ec76f12b8778a13
8,I’m The Problem,unknown,2025-05-16,5IZ8sY5FjtL9hloXpv0XbD,https://i.scdn.co/image/ab67616d0000b27335ea219ce47813b5e2dc3745
9,Stand Alone (10th Anniversary Deluxe Edition),unknown,2024-01-25,5DDVH0WdBqbQg7XriGDFEw,https://i.scdn.co/image/ab67616d0000b2734cf3f116ed6e3f294376d03a
10,One Thing At A Time,unknown,2023-03-03,0rnd3h2dc82L4gTjW6Vfoq,https://i.scdn.co/image/ab67616d0000b273c37a94d92b0a874ba2419ed7
11,Dangerous: The Double Album (Bonus),unknown,2021-01-29,1e2J1wYxM6KcpEHFDVXBke,https://i.scdn.co/image/ab67616d0000b273c67b7f9895a3af5e4b6ffada
12,Dangerous: The Double Album,unknown,2021-01-08,1AlJetbC3AI9aGsiGn0O6T,https://i.scdn.co/image/ab67616d0000b273f26e16c256f7042d8f6a814b
13,If I Know Me,unknown,2018-04-27,6WKNoni6aDzCTUN1CtJJ5R,https://i.scdn.co/image/ab67616d0000b2731215aac0c23dd8c31f5c14c1
14,The Long Surrender,unknown,2026-03-27,5Yd6dCvGRj66lmbRmdgHEf,https://i.scdn.co/image/ab67616d0000b27357dcae08505645fed9449b27
15,The London Tapes - Live From O2 Shepherd's Bush Empire,unknown,2024-12-27,6CMA3pI2evMlzBUzGym1KY,https://i.scdn.co/image/ab67616d0000b27310032cf871c52e08922b4651
16,CMT Campfire Sessions,unknown,2024-02-08,36muJce8YQKTYHKj3O3N0O,https://i.scdn.co/image/ab67616d0000b273dcd5eb4c971aa3aa608836f7
17,CAVES,unknown,2023-09-15,1Rtopf52bLtF0kdxQsL8TL,https://i.scdn.co/image/ab67616d0000b273c89e8ba6d1a28e42c42d5b72
18,Live From Bridgestone Arena,unknown,2022-05-25,1ATeNyzMFWrOP8fek7kiGu,https://i.scdn.co/image/ab67616d0000b273edada1e2a5f6cb57e9a979c3
19,Into The Mystery,unknown,2021-07-30,2vDmR7Be0zQwcxDnHAqe5X,https://i.scdn.co/image/ab67616d0000b273904709b13345641f723b7b2e
20,Live From the Woods Vol. 2 (Abridged),unknown,2021-04-16,42ltFCRJidyGA6lEoCP2uG,https://i.scdn.co/image/ab67616d0000b273191c4be242eaf7063a6b41f2
21,Live From the Woods Vol. 2,unknown,2021-04-16,5KLgTqr5DU65WkAYCdm5Mq,https://i.scdn.co/image/ab67616d0000b273401f2deb532b914afe811de5
22,Out of Body,unknown,2020-08-29,65WwczdrIsAOeBwyL3EFxf,https://i.scdn.co/image/ab67616d0000b2730af35fd94ef4b6d8a92470d3
23,Acoustic Live Vol. 1 (Abridged),unknown,2018-11-16,33SKjZyiYXcgQI2aBi7Zds,https://i.scdn.co/image/ab67616d0000b2735edaa08d9f4c102e12254783
24,Acoustic Live Vol. 1,unknown,2018-11-16,6JjEopFCXCRvPaD6W12GfQ,https://i.scdn.co/image/ab67616d0000b273c541797b4bea8c2372a13343
25,H A R D L O V E,unknown,2016-07-15,0DjJIQPOsxd5OiUoVskRBH,https://i.scdn.co/image/ab67616d0000b2732c951214760748a53b3e89f2
26,Live From the Woods (Abridged),unknown,2015-04-10,59cS5RJD7pIaeJc1HSJLDp,https://i.scdn.co/image/ab67616d0000b2736ee7212961746dfecc33aa90
27,Live From the Woods,unknown,2015-04-10,16juc2MOH8gzwTSphwNWVH,https://i.scdn.co/image/ab67616d0000b2736343051117986f5bbd98969a
28,Rivers in the Wasteland,unknown,2014-04-17,52e12cyeu7IY7JGSoUArHw,https://i.scdn.co/image/ab67616d0000b273cf2231491daba35f7345570f
29,Rivers in the Wasteland Track-by-Track,unknown,2014-04-15,0HyNeNediKZi4hdmz0g0tz,https://i.scdn.co/image/ab67616d0000b27334ae50437024da52c960e068
30,60/50 Ocean Way: The Live Room Sessions,unknown,2014-04-15,1gFsHRle255nCMYZkRXwBH,https://i.scdn.co/image/ab67616d0000b273402f611dba70abb98e9f5a66
31,The Reckoning,unknown,2011-09-19,3lrxswQqhjIjLoLy8cf0tm,https://i.scdn.co/image/ab67616d0000b273db466b498ec21df5369b385b
32,The Outsiders,unknown,2009-08-21,3BB1Pe1PfijkrftFVmBEBs,https://i.scdn.co/image/ab67616d0000b273bdf7c38502354bad813db49a
33,The Heat,unknown,2007-08-27,5OEL6rFpj2Ay6CbABAr3AU,https://i.scdn.co/image/ab67616d0000b273b27e5f3205825443cdc1a7bb
34,Daylight,unknown,2006-04-04,1bgaogmQCdYuPrMs5H1XM4,https://i.scdn.co/image/ab67616d0000b273e6e1c8d66b7712625938d31c
35,Moon Music,unknown,2024-10-04,5SGtrmYbIo0Dsg4kJ4qjM6,https://i.scdn.co/image/ab67616d0000b273f40306925074cfdcd8bee61f
36,Moon Music (Full Moon Edition),unknown,2024-10-03,1PdMoahMiMnqWfzWZs3xSI,https://i.scdn.co/image/ab67616d0000b273d75f119409f50e08ce77c5f1
37,Music Of The Spheres,unknown,2021-10-15,06mXfvDsRZNfnsGZvX2zpb,https://i.scdn.co/image/ab67616d0000b273d5d34557fa33c03782d3e730
38,Everyday Life,unknown,2019-11-22,2FeyIYDDAQqcOJKOKhvHdr,https://i.scdn.co/image/ab67616d0000b273722d16eb3b31fae9cb1d2ada
39,Live in Buenos Aires,unknown,2018-12-07,19CvkGjYpifkdwgVJSbog2,https://i.scdn.co/image/ab67616d0000b273fe5f1f4d742869a253036971
40,A Head Full of Dreams,unknown,2015-12-04,3cfAM8b8KqJRoIzt3zLKqw,https://i.scdn.co/image/ab67616d0000b2738ff7c3580d429c8212b9a3b6
41,Ghost Stories Live 2014,unknown,2014-11-21,1hNS0RsxPTFjmKXCgmjSLS,https://i.scdn.co/image/ab67616d0000b273e17c11c195f80da123e17dde
42,Ghost Stories,unknown,2014-05-16,2G4AUqfwxcV1UdQjm2ouYr,https://i.scdn.co/image/ab67616d0000b273e5a95573f1b91234630fd2cf
43,Live 2012,unknown,2012-11-16,2OkEsqGTfu8PWRrNHzfr0m,https://i.scdn.co/image/ab67616d0000b2730e49a9823be8f295caf1a574
44,Mylo Xyloto,unknown,2011-10-24,2R7iJz5uaHjLEVnMkloO18,https://i.scdn.co/image/ab67616d0000b273de0cd11d7b31c3bd1fd5983d
45,LeftRightLeftRightLeft (Live),unknown,2009-05-15,3pboBm7GTa6V5dFXXCt52b,https://i.scdn.co/image/ab67616d0000b2739ef50b3c2d29efe1172925c6
46,Viva La Vida (Prospekt's March Edition),unknown,2008-11-24,4XTT0NcNHyvl6h9JX2AfEi,https://i.scdn.co/image/ab67616d0000b2730de348af6c3e533f24c99472
47,Viva La Vida or Death and All His Friends,unknown,2008-06-06,1CEODgTmTwLyabvwd7HBty,https://i.scdn.co/image/ab67616d0000b273e21cc1db05580b6f2d2a3b6e
48,X&Y,unknown,2005-06-07,4E7bV0pzG0LciBSWTszra6,https://i.scdn.co/image/ab67616d0000b2734e0362c225863f6ae2432651
49,Live 2003,unknown,2003-11-01,3JMOZD2qixTTLRW9I6JuF4,https://i.scdn.co/image/ab67616d0000b27323969e14b74349ffcf79f55e
50,A Rush of Blood to the Head,unknown,2002-08-27,0RHX9XECH8IVI3LNgWDpmQ,https://i.scdn.co/image/ab67616d0000b273de09e02aa7febf30b7c02d82
51,Parachutes,unknown,2000-07-10,6ZG5lRT77aJ3btmArcykra,https://i.scdn.co/image/ab67616d0000b2739164bafe9aaa168d93f4816a
52,Hidden Gems,unknown,2025-11-14,7gcHB4LFJHHv8EMJo2cVdm,https://i.scdn.co/image/ab67616d0000b273be06041c424dc061507f1f40
53,Gems (Deluxe Edition),unknown,2025-06-13,7KUV0wJ4l1MnBuYIlfI2bl,https://i.scdn.co/image/ab67616d0000b2738d514c246faad189210329f7
54,Gems,unknown,2025-05-02,2ToWCEcXq3n9pmH83Lvx3J,https://i.scdn.co/image/ab67616d0000b273c9b841f815d2487ab02646d7
55,Closer (20th Anniversary Deluxe Edition),unknown,2023-11-17,7sk4S102aE3764zpDh3oKF,https://i.scdn.co/image/ab67616d0000b27367f6be1b9e10566507dff78d
56,Sweeney Todd: The Demon Barber of Fleet Street (2023 Broadway Cast Recording),unknown,2023-09-08,4HhKwWdAIN0isLYvkfwqVD,https://i.scdn.co/image/ab67616d0000b2738aff9436113ce5f1d6cbe9eb
57,The Worst Pies in London (2023 Broadway Cast Recording),unknown,2023-08-04,2btamy2Km4GO3o3Zfu4cL2,https://i.scdn.co/image/ab67616d0000b2739a01c96cae8127abf5f16887
58,Harmony (Deluxe),unknown,2021-02-26,6mjiVuZKirFiFfoaO2IwWV,https://i.scdn.co/image/ab67616d0000b27303c6541fee662bdb7dc63554
59,Harmony,unknown,2020-11-20,4ViBd7m0LgwMQYnahRcjH1,https://i.scdn.co/image/ab67616d0000b27340de517aa6e27373352e533d
60,Bridges Live: Madison Square Garden,unknown,2019-04-19,3b4N8fE0sF8ctibfSYwoVW,https://i.scdn.co/image/ab67616d0000b2734fa3e9606226f70def4fa51a
61,Bridges (Deluxe),unknown,2018-09-21,70406c1Pa2F3BQscpLiUME,https://i.scdn.co/image/ab67616d0000b2732a92be045b40fec450358016
