ART_ID,S_ID
1,1
1,2
1,3
244,3
1,4
1,5
1,6
1,7
1,8
1,9
1,10
1,11
1,12
1,13
1,14
1,15
1,16
1,17
1,18
1,19
1,20
1,21
1,22
1,23
1,24
1,25
1,26
1,27
1,28
1,29
1,30
1,31
1,32
1,33
1,34
1,35
1,36
1,37
1,38
1,39
1,40
1,41
19,41
1,42
253,42
1,43
261,43
1,44
12,44
1,45
244,45
1,46
46,46
1,47
64,47
1,48
258,48
1,49
1,50
1,51
1,52
1,53
1,54
1,55
1,56
1,57
1,58
1,59
1,60
1,61
1,62
1,63
1,64
1,65
1,66
1,67
1,68
1,69
1,70
1,71
1,72
1,73
1,74
1,75
1,76
1,77
1,78
1,79
1,80
1,81
1,82
1,83
1,84
1,85
1,86
1,87
1,88
1,89
121,89
1,90
1,91
1,92
1,93
1,94
1,95
1,96
172,96
1,97
1,98
1,99
1,100
1,101
1,102
1,103
2,104
2,105
2,106
2,107
2,108
2,109
2,110
2,111
2,112
2,113
2,114
2,115
2,116
2,117
2,118
3,119
3,120
3,121
3,122
251,122
3,123
3,124
3,125
3,126
3,127
3,128
3,129
3,130
3,131
3,132
3,133
3,134
3,135
116,135
3,136
3,137
3,138
3,139
131,139
3,140
3,141
3,142
173,142
3,143
3,144
3,145
19,145
3,146
3,147
3,148
3,149
3,150
3,151
3,152
3,153
3,154
3,155
3,156
3,157
3,158
3,159
3,160
3,161
3,162
3,163
3,164
3,165
3,166
3,167
3,168
3,169
3,170
3,171
3,172
116,172
3,173
3,174
3,175
3,176
3,177
3,178
3,179
3,180
3,181
3,182
3,183
131,183
3,184
3,185
3,186
3,187
3,188
3,189
3,190
3,191
3,192
3,193
3,194
3,195
3,196
3,197
3,198
3,199
3,200
3,201
173,201
3,202
3,203
3,204
3,205
3,206
3,207
3,208
3,209
3,210
3,211
3,212
184,212
3,213
3,214
3,215
3,216
66,216
3,217
3,218
3,219
3,220
3,221
3,222
3,223
3,224
3,225
3,226
3,227
3,228
3,229
3,230
3,231
3,232
3,233
3,234
3,235
3,236
3,237
3,238
3,239
3,240
3,241
3,242
3,243
3,244
3,245
184,245
3,246
3,247
3,248
3,249
66,249
3,250
3,251
3,252
3,253
3,254
3,255
3,256
3,257
3,258
3,259
3,260
3,261
3,262
3,263
3,264
3,265
3,266
3,267
3,268
112,268
3,269
3,270
3,271
3,272
3,273
3,274
3,275
3,276
3,277
3,278
3,279
3,280
3,281
4,282
4,283
4,284
4,285
4,286
4,287
4,288
4,289
4,290
4,291
194,291
4,292
4,293
4,294
4,295
4,296
4,297
4,298
4,299
4,300
4,301
4,302
4,303
4,304
4,305
4,306
4,307
4,308
4,309
82,309
4,310
4,311
4,312
4,313
4,314
4,315
4,316
4,317
4,318
31,318
4,319
4,320
156,320
4,321
32,321
4,322
4,323
4,324
4,325
30,325
4,326
4,327
4,328
4,329
4,330
4,331
4,332
4,333
4,334
4,335
4,336
4,337
4,338
4,339
77,339
239,339
4,340
4,341
4,342
4,343
4,344
4,345
4,346
181,346
239,346
4,347
4,348
37,348
4,349
4,350
4,351
4,352
4,353
4,354
239,354
4,355
4,356
4,357
4,358
4,359
144,359
4,360
4,361
37,361
4,362
4,363
4,364
4,365
4,366
4,367
4,368
4,369
4,370
4,371
4,372
4,373
4,374
4,375
4,376
4,377
4,378
4,379
4,380
4,381
4,382
4,383
4,384
4,385
4,386
4,387
4,388
4,389
4,390
4,391
4,392
4,393
4,394
4,395
4,396
26,396
98,396
4,397
4,398
4,399
4,400
4,401
4,402
4,403
4,404
157,404
4,405
4,406
4,407
4,408
4,409
4,410
4,411
4,412
4,413
26,413
98,413
4,414
4,415
4,416
4,417
4,418
4,419
4,420
4,421
4,422
4,423
4,424
4,425
26,425
98,425
4,426
4,427
4,428
4,429
4,430
4,431
4,432
4,433
4,434
4,435
71,435
4,436
4,437
4,438
4,439
4,440
4,441
4,442
4,443
4,444
4,445
4,446
4,447
4,448
4,449
4,450
4,451
4,452
4,453
4,454
4,455
4,456
4,457
4,458
4,459
4,460
4,461
4,462
4,463
4,464
4,465
4,466
4,467
4,468
4,469
4,470
4,471
4,472
4,473
4,474
4,475
4,476
4,477
4,478
4,479
4,480
4,481
4,482
4,483
4,484
4,485
4,486
4,487
4,488
4,489
4,490
4,491
4,492
4,493
4,494
4,495
4,496
4,497
4,498
4,499
4,500
4,501
4,502
4,503
4,504
4,505
4,506
4,507
4,508
4,509
4,510
4,511
4,512
4,513
4,514
4,515
4,516
4,517
4,518
4,519
4,520
4,521
4,522
4,523
4,524
4,525
4,526
4,527
4,528
4,529
4,530
4,531
4,532
4,533
4,534
4,535
4,536
4,537
4,538
4,539
4,540
4,541
4,542
4,543
4,544
4,545
4,546
4,547
4,548
4,549
4,550
4,551
4,552
4,553
4,554
4,555
4,556
5,557
165,557
5,558
5,559
109,559
198,559
208,559
117,559
5,560
5,561
200,561
5,562
5,563
5,564
5,565
5,566
5,567
165,567
5,568
5,569
109,569
198,569
208,569
117,569
5,570
5,571
200,571
5,572
5,573
5,574
5,575
5,576
5,577
5,578
5,579
5,580
109,580
198,580
208,580
117,580
5,581
5,582
5,583
5,584
5,585
5,586
165,586
5,587
5,588
5,589
5,590
5,591
257,591
5,592
119,592
113,592
5,593
5,594
5,595
5,596
28,596
5,597
5,598
5,599
5,600
5,601
5,602
5,603
5,604
5,605
5,606
5,607
5,608
5,609
5,610
5,611
5,612
5,613
5,614
5,615
5,616
5,617
5,618
5,619
5,620
5,621
5,622
5,623
5,624
5,625
5,626
5,627
5,628
5,629
5,630
5,631
5,632
5,633
5,634
5,635
5,636
5,637
5,638
5,639
5,640
5,641
5,642
5,643
5,644
5,645
5,646
5,647
5,648
5,649
5,650
5,651
5,652
5,653
5,654
5,655
5,656
5,657
5,658
5,659
5,660
5,661
5,662
5,663
5,664
5,665
5,666
5,667
5,668
5,669
5,670
5,671
5,672
5,673
5,674
5,675
5,676
5,677
5,678
5,679
5,680
5,681
5,682
5,683
5,684
5,685
5,686
5,687
5,688
5,689
5,690
5,691
5,692
216,692
5,693
5,694
5,695
5,696
5,697
5,698
5,699
5,700
5,701
5,702
5,703
5,704
5,705
5,706
5,707
5,708
5,709
5,710
5,711
5,712
5,713
5,714
5,715
5,716
5,717
5,718
5,719
5,720
5,721
5,722
5,723
5,724
5,725
5,726
5,727
5,728
5,729
5,730
5,731
5,732
5,733
5,734
5,735
5,736
5,737
5,738
5,739
5,740
5,741
5,742
5,743
5,744
5,745
5,746
5,747
5,748
5,749
5,750
5,751
5,752
5,753
5,754
5,755
5,756
5,757
5,758
5,759
5,760
5,761
5,762
5,763
5,764
5,765
5,766
5,767
5,768
5,769
5,770
5,771
5,772
5,773
5,774
5,775
5,776
5,777
5,778
5,779
6,780
6,781
6,782
6,783
118,783
231,783
6,784
6,785
6,786
6,787
6,788
67,789
6,789
6,790
6,791
6,792
6,793
6,794
6,795
6,796
6,797
6,798
6,799
6,800
6,801
6,802
6,803
6,804
6,805
86,805
6,806
6,807
6,808
6,809
6,810
6,811
6,812
6,813
6,814
6,815
6,816
6,817
6,818
6,819
6,820
85,820
6,821
85,821
213,821
6,822
207,822
6,823
6,824
6,825
6,826
6,827
232,827
6,828
6,829
6,830
164,830
6,831
6,832
6,833
6,834
6,835
6,836
6,837
6,838
6,839
6,840
6,841
6,842
6,843
6,844
6,845
6,846
86,846
6,847
6,848
6,849
6,850
6,851
6,852
147,852
6,853
6,854
6,855
6,856
6,857
6,858
6,859
6,860
6,861
6,862
218,862
6,863
6,864
6,865
6,866
6,867
6,868
38,869
29,869
45,869
6,870
240,870
110,870
155,870
158,870
73,870
205,870
151,870
195,870
138,870
146,870
45,870
6,871
155,871
138,871
45,871
146,871
6,872
155,872
45,872
146,872
252,873
45,873
146,873
252,874
45,874
146,874
6,875
252,875
45,875
146,875
158,876
45,876
146,876
155,877
158,877
138,877
45,877
146,877
155,878
45,878
146,878
205,879
6,879
252,879
146,879
45,879
73,880
151,880
6,880
45,880
146,880
252,881
6,881
45,881
146,881
158,882
155,882
45,882
146,882
151,883
195,883
45,883
146,883
158,884
155,884
151,884
195,884
45,884
146,884
195,885
6,885
45,885
146,885
6,886
195,886
155,886
45,886
146,886
6,887
252,887
45,887
146,887
6,888
252,888
45,888
146,888
205,889
252,889
6,889
146,889
45,889
6,890
155,890
158,890
138,890
45,890
146,890
252,891
6,891
45,891
146,891
132,892
255,892
237,892
33,892
110,892
6,892
45,892
205,893
252,893
45,893
146,893
151,894
45,894
146,894
6,895
252,895
138,895
158,895
146,895
45,895
6,896
138,896
158,896
155,896
45,896
146,896
6,897
195,897
146,897
45,897
6,898
252,898
45,898
146,898
6,899
45,899
146,899
6,900
252,900
155,900
158,900
73,900
205,900
151,900
195,900
138,900
146,900
45,900
252,901
45,901
146,901
205,902
252,902
45,902
146,902
6,903
252,903
45,903
146,903
6,904
155,904
158,904
138,904
45,904
146,904
252,905
6,905
45,905
146,905
6,906
252,906
45,906
146,906
6,907
240,907
110,907
155,907
158,907
73,907
205,907
151,907
195,907
138,907
146,907
45,907
6,908
6,909
6,910
6,911
96,911
6,912
6,913
56,913
6,914
6,915
6,916
6,917
6,918
6,919
22,919
6,920
6,921
196,921
6,922
6,923
6,924
6,925
6,926
6,927
6,928
6,929
96,929
6,930
6,931
56,931
6,932
6,933
6,934
6,935
6,936
6,937
22,937
6,938
6,939
6,940
6,941
6,942
6,943
6,944
6,945
6,946
6,947
92,947
6,948
92,948
6,949
6,950
6,951
6,952
6,953
6,954
232,954
6,955
6,956
6,957
6,958
6,959
6,960
6,961
182,961
6,962
6,963
207,963
6,964
6,965
6,966
164,966
6,967
6,968
232,968
6,969
6,970
6,971
6,972
6,973
6,974
6,975
6,976
83,976
6,977
6,978
6,979
6,980
21,980
6,981
6,982
6,983
6,984
6,985
6,986
124,986
6,987
6,988
6,989
6,990
6,991
6,992
6,993
6,994
6,995
6,996
6,997
86,997
6,998
6,999
6,1000
262,1000
6,1001
6,1002
6,1003
6,1004
6,1005
6,1006
6,1007
6,1008
6,1009
6,1010
86,1010
6,1011
6,1012
6,1013
6,1014
6,1015
185,1015
6,1016
6,1017
262,1017
6,1018
6,1019
6,1020
6,1021
6,1022
6,1023
6,1024
6,1025
6,1026
202,1026
6,1027
6,1028
67,1028
6,1029
6,1030
6,1031
6,1032
6,1033
6,1034
6,1035
6,1036
6,1037
6,1038
6,1039
6,1040
6,1041
6,1042
202,1042
6,1043
6,1044
67,1044
6,1045
6,1046
6,1047
6,1048
6,1049
6,1050
6,1051
6,1052
6,1053
6,1054
6,1055
6,1056
6,1057
6,1058
6,1059
6,1060
6,1061
6,1062
6,1063
6,1064
6,1065
6,1066
6,1067
6,1068
6,1069
6,1070
59,1070
6,1071
59,1071
6,1072
6,1073
47,1073
6,1074
6,1075
6,1076
6,1077
6,1078
6,1079
6,1080
6,1081
6,1082
6,1083
6,1084
6,1085
6,1086
6,1087
6,1088
6,1089
6,1090
6,1091
6,1092
6,1093
6,1094
6,1095
83,1095
6,1096
6,1097
6,1098
6,1099
21,1099
6,1100
6,1101
6,1102
6,1103
6,1104
6,1105
6,1106
6,1107
6,1108
6,1109
6,1110
6,1111
6,1112
6,1113
6,1114
85,1114
6,1115
85,1115
213,1115
6,1116
35,1116
6,1117
6,1118
6,1119
6,1120
6,1121
6,1122
6,1123
6,1124
6,1125
6,1126
6,1127
6,1128
6,1129
6,1130
6,1131
6,1132
6,1133
6,1134
59,1134
6,1135
159,1135
6,1136
6,1137
6,1138
6,1139
6,1140
6,1141
6,1142
6,1143
6,1144
6,1145
6,1146
147,1146
6,1147
6,1148
6,1149
6,1150
6,1151
6,1152
6,1153
6,1154
6,1155
6,1156
218,1156
6,1157
6,1158
6,1159
6,1160
6,1161
6,1162
6,1163
180,1163
6,1164
180,1164
6,1165
6,1166
137,1166
6,1167
6,1168
140,1168
6,1169
93,1169
140,1169
57,1169
6,1170
170,1170
6,1171
6,1172
6,1173
6,1174
6,1175
6,1176
6,1177
6,1178
99,1178
6,1179
6,1180
6,1181
6,1182
6,1183
140,1183
6,1184
27,1184
6,1185
6,1186
6,1187
6,1188
6,1189
6,1190
6,1191
6,1192
6,1193
99,1193
6,1194
6,1195
6,1196
6,1197
6,1198
140,1198
6,1199
27,1199
7,1200
7,1201
7,1202
7,1203
7,1204
7,1205
7,1206
7,1207
7,1208
7,1209
7,1210
7,1211
7,1212
7,1213
7,1214
7,1215
7,1216
7,1217
7,1218
7,1219
7,1220
7,1221
7,1222
7,1223
7,1224
7,1225
7,1226
7,1227
7,1228
7,1229
7,1230
7,1231
7,1232
7,1233
8,1234
8,1235
8,1236
227,1236
8,1237
120,1237
8,1238
8,1239
8,1240
8,1241
8,1242
8,1243
8,1244
8,1245
8,1246
8,1247
8,1248
145,1248
8,1249
8,1250
8,1251
227,1251
8,1252
191,1252
8,1253
32,1253
8,1254
8,1255
60,1255
8,1256
8,1257
8,1258
8,1259
8,1260
8,1261
8,1262
8,1263
8,1264
8,1265
8,1266
111,1266
8,1267
8,1268
8,1269
8,1270
8,1271
8,1272
8,1273
8,1274
8,1275
8,1276
8,1277
211,1277
8,1278
8,1279
8,1280
8,1281
8,1282
8,1283
8,1284
8,1285
211,1285
8,1286
8,1287
8,1288
8,1289
214,1289
8,1290
8,1291
8,1292
8,1293
8,1294
8,1295
8,1296
8,1297
8,1298
8,1299
8,1300
8,1301
8,1302
192,1302
8,1303
8,1304
8,1305
8,1306
8,1307
8,1308
8,1309
8,1310
8,1311
8,1312
8,1313
8,1314
8,1315
192,1315
8,1316
8,1317
8,1318
8,1319
8,1320
8,1321
8,1322
234,1322
8,1323
8,1324
8,1325
115,1325
8,1326
191,1326
8,1327
8,1328
8,1329
227,1329
8,1330
8,1331
8,1332
8,1333
8,1334
8,1335
8,1336
8,1337
8,1338
8,1339
234,1339
8,1340
8,1341
8,1342
115,1342
8,1343
191,1343
8,1344
8,1345
8,1346
227,1346
8,1347
8,1348
8,1349
8,1350
8,1351
227,1351
8,1352
120,1352
8,1353
8,1354
8,1355
8,1356
8,1357
8,1358
8,1359
8,1360
8,1361
8,1362
8,1363
145,1363
8,1364
8,1365
8,1366
8,1367
8,1368
8,1369
8,1370
8,1371
8,1372
8,1373
8,1374
34,1374
8,1375
8,1376
191,1376
8,1377
68,1377
8,1378
8,1379
8,1380
8,1381
8,1382
8,1383
8,1384
8,1385
8,1386
8,1387
8,1388
8,1389
8,1390
8,1391
8,1392
8,1393
8,1394
8,1395
34,1395
8,1396
8,1397
191,1397
8,1398
68,1398
8,1399
8,1400
8,1401
8,1402
8,1403
8,1404
8,1405
8,1406
8,1407
8,1408
8,1409
8,1410
8,1411
8,1412
8,1413
186,1413
8,1414
8,1415
8,1416
263,1416
8,1417
8,1418
8,1419
8,1420
8,1421
8,1422
8,1423
8,1424
8,1425
8,1426
8,1427
186,1427
8,1428
8,1429
8,1430
263,1430
8,1431
8,1432
8,1433
8,1434
8,1435
8,1436
8,1437
8,1438
8,1439
8,1440
8,1441
202,1441
8,1442
8,1443
8,1444
8,1445
8,1446
8,1447
65,1447
8,1448
8,1449
8,1450
8,1451
8,1452
8,1453
8,1454
185,1454
8,1455
8,1456
8,1457
215,1457
8,1458
8,1459
8,1460
8,1461
8,1462
8,1463
8,1464
8,1465
8,1466
8,1467
8,1468
8,1469
8,1470
65,1470
8,1471
8,1472
8,1473
8,1474
8,1475
8,1476
8,1477
185,1477
8,1478
8,1479
8,1480
8,1481
8,1482
8,1483
215,1483
8,1484
8,1485
8,1486
8,1487
8,1488
8,1489
8,1490
8,1491
8,1492
8,1493
8,1494
8,1495
8,1496
8,1497
8,1498
8,1499
8,1500
8,1501
8,1502
8,1503
8,1504
8,1505
8,1506
8,1507
8,1508
8,1509
8,1510
8,1511
9,1512
9,1513
9,1514
9,1515
9,1516
9,1517
9,1518
9,1519
9,1520
9,1521
9,1522
9,1523
9,1524
9,1525
9,1526
9,1527
9,1528
9,1529
9,1530
9,1531
9,1532
9,1533
9,1534
9,1535
9,1536
9,1537
9,1538
9,1539
9,1540
9,1541
9,1542
9,1543
9,1544
9,1545
9,1546
9,1547
9,1548
9,1549
9,1550
9,1551
9,1552
9,1553
9,1554
9,1555
9,1556
9,1557
9,1558
9,1559
9,1560
9,1561
9,1562
9,1563
168,1563
9,1564
9,1565
9,1566
9,1567
9,1568
9,1569
9,1570
9,1571
9,1572
9,1573
9,1574
9,1575
9,1576
9,1577
9,1578
9,1579
9,1580
9,1581
9,1582
9,1583
9,1584
9,1585
9,1586
9,1587
9,1588
9,1589
9,1590
9,1591
9,1592
9,1593
9,1594
9,1595
9,1596
9,1597
9,1598
9,1599
9,1600
9,1601
9,1602
9,1603
9,1604
9,1605
9,1606
9,1607
9,1608
9,1609
9,1610
9,1611
9,1612
9,1613
9,1614
9,1615
9,1616
9,1617
9,1618
9,1619
9,1620
9,1621
9,1622
9,1623
9,1624
9,1625
9,1626
9,1627
9,1628
9,1629
9,1630
9,1631
9,1632
9,1633
9,1634
9,1635
9,1636
9,1637
9,1638
9,1639
9,1640
9,1641
9,1642
9,1643
9,1644
9,1645
10,1646
10,1647
10,1648
10,1649
10,1650
10,1651
10,1652
10,1653
10,1654
10,1655
10,1656
10,1657
10,1658
10,1659
10,1660
10,1661
10,1662
10,1663
10,1664
10,1665
10,1666
10,1667
10,1668
10,1669
10,1670
10,1671
10,1672
10,1673
122,1673
10,1674
10,1675
193,1675
10,1676
10,1677
10,1678
10,1679
10,1680
10,1681
10,1682
10,1683
10,1684
10,1685
10,1686
10,1687
10,1688
10,1689
10,1690
10,1691
10,1692
10,1693
10,1694
10,1695
10,1696
10,1697
10,1698
10,1699
10,1700
10,1701
10,1702
10,1703
10,1704
10,1705
10,1706
10,1707
10,1708
10,1709
10,1710
10,1711
10,1712
10,1713
10,1714
10,1715
10,1716
10,1717
10,1718
10,1719
10,1720
10,1721
10,1722
10,1723
10,1724
10,1725
10,1726
10,1727
10,1728
10,1729
10,1730
10,1731
10,1732
10,1733
10,1734
10,1735
10,1736
10,1737
10,1738
10,1739
10,1740
10,1741
10,1742
10,1743
10,1744
10,1745
10,1746
10,1747
10,1748
10,1749
10,1750
10,1751
10,1752
10,1753
10,1754
10,1755
10,1756
80,1756
10,1757
10,1758
10,1759
10,1760
10,1761
10,1762
10,1763
10,1764
10,1765
10,1766
10,1767
10,1768
10,1769
10,1770
10,1771
10,1772
10,1773
10,1774
10,1775
10,1776
10,1777
10,1778
10,1779
10,1780
10,1781
10,1782
10,1783
10,1784
10,1785
10,1786
10,1787
10,1788
10,1789
10,1790
10,1791
10,1792
10,1793
10,1794
10,1795
10,1796
10,1797
10,1798
10,1799
10,1800
10,1801
10,1802
10,1803
10,1804
10,1805
10,1806
10,1807
10,1808
10,1809
10,1810
10,1811
10,1812
10,1813
10,1814
10,1815
10,1816
10,1817
10,1818
10,1819
10,1820
10,1821
10,1822
10,1823
10,1824
10,1825
10,1826
10,1827
10,1828
10,1829
10,1830
10,1831
10,1832
10,1833
10,1834
10,1835
10,1836
10,1837
10,1838
10,1839
11,1840
11,1841
11,1842
11,1843
11,1844
11,1845
11,1846
11,1847
11,1848
11,1849
11,1850
11,1851
11,1852
11,1853
11,1854
11,1855
11,1856
11,1857
11,1858
11,1859
11,1860
11,1861
11,1862
11,1863
11,1864
11,1865
11,1866
11,1867
11,1868
11,1869
11,1870
11,1871
11,1872
11,1873
11,1874
11,1875
11,1876
11,1877
11,1878
11,1879
11,1880
11,1881
11,1882
11,1883
11,1884
11,1885
11,1886
11,1887
11,1888
11,1889
11,1890
11,1891
11,1892
11,1893
11,1894
11,1895
11,1896
11,1897
11,1898
11,1899
11,1900
11,1901
11,1902
11,1903
11,1904
11,1905
11,1906
11,1907
11,1908
11,1909
11,1910
11,1911
11,1912
11,1913
11,1914
11,1915
11,1916
11,1917
11,1918
11,1919
11,1920
11,1921
11,1922
11,1923
11,1924
11,1925
11,1926
11,1927
11,1928
11,1929
11,1930
11,1931
11,1932
11,1933
11,1934
11,1935
11,1936
11,1937
11,1938
11,1939
11,1940
11,1941
11,1942
11,1943
11,1944
11,1945
11,1946
11,1947
11,1948
11,1949
11,1950
11,1951
11,1952
11,1953
11,1954
11,1955
11,1956
11,1957
11,1958
11,1959
11,1960
11,1961
11,1962
11,1963
11,1964
11,1965
11,1966
11,1967
11,1968
11,1969
11,1970
11,1971
11,1972
11,1973
11,1974
11,1975
11,1976
11,1977
11,1978
11,1979
11,1980
11,1981
11,1982
11,1983
11,1984
11,1985
11,1986
11,1987
11,1988
11,1989
11,1990
11,1991
11,1992
11,1993
11,1994
11,1995
11,1996
11,1997
11,1998
11,1999
11,2000
11,2001
11,2002
11,2003
11,2004
11,2005
11,2006
11,2007
11,2008
11,2009
11,2010
11,2011
11,2012
11,2013
11,2014
11,2015
11,2016
11,2017
11,2018
11,2019
11,2020
11,2021
11,2022
11,2023
11,2024
11,2025
11,2026
11,2027
11,2028
11,2029
11,2030
11,2031
11,2032
11,2033
11,2034
11,2035
11,2036
11,2037
11,2038
11,2039
11,2040
11,2041
11,2042
11,2043
11,2044
11,2045
11,2046
11,2047
11,2048
11,2049
11,2050
11,2051
11,2052
11,2053
11,2054
11,2055
11,2056
11,2057
11,2058
11,2059
11,2060
11,2061
11,2062
11,2063
11,2064
11,2065
11,2066
11,2067
11,2068
11,2069
11,2070
11,2071
11,2072
11,2073
11,2074
11,2075
11,2076
11,2077
11,2078
11,2079
11,2080
11,2081
12,2082
12,2083
12,2084
48,2084
12,2085
12,2086
12,2087
12,2088
183,2088
12,2089
12,2090
12,2091
12,2092
12,2093
12,2094
12,2095
12,2096
12,2097
12,2098
64,2098
12,2099
12,2100
12,2101
12,2102
12,2103
12,2104
12,2105
12,2106
12,2107
12,2108
12,2109
12,2110
48,2110
12,2111
12,2112
183,2112
12,2113
12,2114
12,2115
12,2116
12,2117
12,2118
12,2119
12,2120
12,2121
64,2121
12,2122
12,2123
12,2124
12,2125
12,2126
12,2127
12,2128
12,2129
12,2130
12,2131
12,2132
12,2133
12,2134
12,2135
12,2136
12,2137
64,2137
12,2138
12,2139
12,2140
12,2141
12,2142
12,2143
12,2144
12,2145
12,2146
12,2147
174,2147
12,2148
12,2149
12,2150
12,2151
12,2152
12,2153
12,2154
12,2155
12,2156
12,2157
12,2158
12,2159
12,2160
12,2161
12,2162
12,2163
12,2164
12,2165
12,2166
174,2166
12,2167
12,2168
12,2169
12,2170
12,2171
12,2172
12,2173
12,2174
12,2175
12,2176
12,2177
12,2178
12,2179
12,2180
12,2181
12,2182
12,2183
12,2184
12,2185
12,2186
228,2186
12,2187
12,2188
12,2189
12,2190
12,2191
12,2192
12,2193
12,2194
12,2195
12,2196
12,2197
12,2198
12,2199
228,2199
12,2200
12,2201
12,2202
12,2203
12,2204
12,2205
12,2206
12,2207
12,2208
12,2209
12,2210
12,2211
12,2212
12,2213
12,2214
12,2215
12,2216
12,2217
12,2218
12,2219
12,2220
12,2221
12,2222
12,2223
12,2224
12,2225
228,2225
12,2226
12,2227
12,2228
12,2229
12,2230
12,2231
12,2232
12,2233
13,2234
13,2235
13,2236
13,2237
134,2238
13,2238
13,2239
241,2240
13,2240
13,2241
134,2242
13,2242
13,2243
266,2243
265,2243
13,2244
266,2244
265,2244
13,2245
266,2245
265,2245
13,2246
266,2246
265,2246
13,2247
266,2247
265,2247
13,2248
266,2248
265,2248
13,2249
266,2249
265,2249
13,2250
266,2250
265,2250
13,2251
266,2251
265,2251
13,2252
266,2252
265,2252
13,2253
219,2253
13,2254
212,2254
219,2254
13,2255
162,2255
13,2256
219,2256
212,2256
13,2257
162,2257
13,2258
169,2258
13,2259
201,2259
13,2260
169,2260
13,2261
242,2261
13,2262
36,2262
13,2263
126,2263
13,2264
13,2265
13,2266
13,2267
13,2268
13,2269
13,2270
13,2271
13,2272
13,2273
13,2274
13,2275
13,2276
13,2277
13,2278
13,2279
13,2280
13,2281
13,2282
13,2283
13,2284
13,2285
13,2286
13,2287
13,2288
13,2289
13,2290
13,2291
13,2292
13,2293
13,2294
44,2294
13,2295
13,2296
13,2297
13,2298
13,2299
13,2300
13,2301
13,2302
13,2303
13,2304
13,2305
13,2306
13,2307
13,2308
13,2309
13,2310
13,2311
13,2312
13,2313
13,2314
13,2315
13,2316
13,2317
13,2318
13,2319
13,2320
13,2321
13,2322
13,2323
13,2324
13,2325
13,2326
13,2327
13,2328
13,2329
13,2330
13,2331
13,2332
13,2333
13,2334
13,2335
13,2336
266,2336
13,2337
13,2338
13,2339
13,2340
13,2341
13,2342
13,2343
13,2344
13,2345
266,2345
13,2346
13,2347
13,2348
39,2348
13,2349
13,2350
13,2351
13,2352
13,2353
13,2354
13,2355
13,2356
50,2356
13,2357
88,2357
13,2358
148,2358
13,2359
61,2359
13,2360
230,2360
13,2361
160,2361
13,2362
13,2363
13,2364
13,2365
13,2366
13,2367
13,2368
13,2369
13,2370
13,2371
13,2372
13,2373
13,2374
13,2375
13,2376
13,2377
13,2378
13,2379
13,2380
13,2381
139,2381
13,2382
254,2382
13,2383
13,2384
13,2385
13,2386
52,2386
13,2387
44,2387
13,2388
13,2389
13,2390
148,2390
13,2391
13,2392
13,2393
13,2394
13,2395
139,2395
13,2396
254,2396
13,2397
13,2398
13,2399
13,2400
52,2400
13,2401
44,2401
13,2402
13,2403
13,2404
13,2405
13,2406
13,2407
13,2408
13,2409
13,2410
13,2411
13,2412
13,2413
13,2414
13,2415
13,2416
13,2417
13,2418
13,2419
13,2420
13,2421
13,2422
13,2423
13,2424
13,2425
13,2426
13,2427
13,2428
13,2429
13,2430
13,2431
13,2432
13,2433
13,2434
13,2435
14,2436
14,2437
14,2438
14,2439
14,2440
14,2441
14,2442
14,2443
14,2444
14,2445
14,2446
14,2447
14,2448
14,2449
14,2450
14,2451
14,2452
14,2453
14,2454
14,2455
14,2456
14,2457
14,2458
14,2459
14,2460
14,2461
14,2462
14,2463
14,2464
14,2465
14,2466
14,2467
14,2468
14,2469
14,2470
14,2471
14,2472
14,2473
14,2474
14,2475
14,2476
14,2477
14,2478
14,2479
14,2480
14,2481
14,2482
14,2483
14,2484
14,2485
14,2486
14,2487
14,2488
14,2489
14,2490
14,2491
14,2492
14,2493
14,2494
14,2495
14,2496
14,2497
14,2498
14,2499
14,2500
14,2501
14,2502
14,2503
14,2504
14,2505
14,2506
14,2507
14,2508
14,2509
14,2510
14,2511
14,2512
14,2513
14,2514
14,2515
14,2516
14,2517
14,2518
14,2519
14,2520
14,2521
14,2522
14,2523
14,2524
14,2525
14,2526
243,2526
14,2527
14,2528
14,2529
14,2530
14,2531
14,2532
14,2533
14,2534
14,2535
14,2536
14,2537
14,2538
14,2539
14,2540
249,2540
14,2541
14,2542
14,2543
14,2544
14,2545
14,2546
14,2547
14,2548
14,2549
14,2550
14,2551
14,2552
14,2553
14,2554
14,2555
203,2555
14,2556
14,2557
14,2558
14,2559
14,2560
14,2561
43,2562
43,2563
14,2563
43,2564
43,2565
43,2566
63,2566
43,2567
63,2567
63,2568
43,2568
63,2569
63,2570
14,2570
63,2571
14,2572
63,2572
43,2573
14,2573
14,2574
14,2575
14,2576
14,2577
14,2578
14,2579
14,2580
14,2581
14,2582
14,2583
14,2584
14,2585
14,2586
14,2587
14,2588
14,2589
14,2590
14,2591
14,2592
14,2593
14,2594
14,2595
14,2596
14,2597
14,2598
14,2599
14,2600
14,2601
14,2602
14,2603
14,2604
14,2605
14,2606
14,2607
14,2608
14,2609
14,2610
14,2611
14,2612
14,2613
14,2614
55,2614
14,2615
14,2616
14,2617
14,2618
14,2619
14,2620
14,2621
14,2622
14,2623
14,2624
14,2625
14,2626
14,2627
14,2628
14,2629
14,2630
14,2631
14,2632
14,2633
43,2633
14,2634
14,2635
14,2636
14,2637
14,2638
14,2639
14,2640
14,2641
14,2642
14,2643
14,2644
14,2645
14,2646
14,2647
14,2648
14,2649
14,2650
14,2651
14,2652
14,2653
14,2654
14,2655
14,2656
14,2657
14,2658
14,2659
14,2660
14,2661
14,2662
14,2663
63,2663
14,2664
14,2665
14,2666
14,2667
14,2668
14,2669
14,2670
14,2671
14,2672
14,2673
14,2674
14,2675
14,2676
14,2677
14,2678
14,2679
14,2680
14,2681
14,2682
14,2683
14,2684
14,2685
25,2685
14,2686
14,2687
14,2688
14,2689
14,2690
14,2691
250,2691
14,2692
133,2692
14,2693
14,2694
14,2695
14,2696
14,2697
25,2697
14,2698
14,2699
14,2700
14,2701
14,2702
14,2703
250,2703
14,2704
133,2704
14,2705
14,2706
14,2707
14,2708
14,2709
14,2710
14,2711
14,2712
14,2713
14,2714
14,2715
14,2716
14,2717
14,2718
14,2719
14,2720
14,2721
14,2722
14,2723
14,2724
14,2725
14,2726
14,2727
14,2728
14,2729
14,2730
14,2731
14,2732
14,2733
14,2734
14,2735
15,2736
15,2737
15,2738
15,2739
15,2740
245,2740
15,2741
15,2742
15,2743
106,2743
15,2744
15,2745
15,2746
15,2747
15,2748
222,2748
15,2749
222,2749
15,2750
222,2750
15,2751
222,2751
15,2752
222,2752
15,2753
222,2753
15,2754
222,2754
15,2755
222,2755
15,2756
222,2756
15,2757
222,2757
15,2758
222,2758
15,2759
222,2759
15,2760
222,2760
15,2761
222,2761
15,2762
15,2763
15,2764
15,2765
15,2766
15,2767
15,2768
15,2769
15,2770
15,2771
15,2772
15,2773
15,2774
90,2774
15,2775
15,2776
15,2777
15,2778
15,2779
108,2779
15,2780
15,2781
15,2782
15,2783
15,2784
15,2785
15,2786
15,2787
15,2788
15,2789
15,2790
15,2791
15,2792
90,2792
15,2793
15,2794
15,2795
15,2796
15,2797
15,2798
15,2799
15,2800
15,2801
15,2802
15,2803
15,2804
15,2805
15,2806
15,2807
15,2808
15,2809
15,2810
15,2811
15,2812
15,2813
15,2814
15,2815
15,2816
15,2817
15,2818
15,2819
15,2820
15,2821
15,2822
15,2823
15,2824
15,2825
15,2826
15,2827
15,2828
15,2829
15,2830
15,2831
15,2832
16,2833
16,2834
16,2835
74,2835
16,2836
16,2837
16,2838
16,2839
16,2840
16,2841
16,2842
16,2843
16,2844
16,2845
16,2846
16,2847
16,2848
16,2849
16,2850
16,2851
16,2852
16,2853
16,2854
16,2855
16,2856
16,2857
16,2858
256,2858
16,2859
16,2860
16,2861
76,2861
16,2862
16,2863
16,2864
16,2865
16,2866
16,2867
16,2868
16,2869
16,2870
16,2871
16,2872
16,2873
16,2874
16,2875
16,2876
16,2877
16,2878
16,2879
16,2880
16,2881
16,2882
16,2883
16,2884
16,2885
16,2886
16,2887
16,2888
16,2889
16,2890
223,2891
16,2891
223,2892
62,2892
16,2892
235,2893
16,2893
129,2894
69,2894
199,2894
16,2894
223,2895
62,2895
16,2895
16,2896
152,2896
223,2897
16,2897
16,2898
152,2898
223,2899
78,2899
16,2899
125,2900
16,2900
223,2901
103,2901
16,2901
223,2902
97,2902
16,2902
141,2903
16,2903
17,2904
17,2905
17,2906
17,2907
17,2908
17,2909
17,2910
189,2910
17,2911
17,2912
17,2913
142,2913
17,2914
17,2915
17,2916
17,2917
17,2918
17,2919
17,2920
17,2921
17,2922
17,2923
17,2924
17,2925
37,2925
17,2926
17,2927
17,2928
17,2929
17,2930
17,2931
17,2932
17,2933
17,2934
17,2935
189,2935
17,2936
17,2937
17,2938
142,2938
17,2939
17,2940
17,2941
17,2942
17,2943
17,2944
17,2945
17,2946
17,2947
17,2948
17,2949
17,2950
17,2951
17,2952
17,2953
17,2954
17,2955
17,2956
17,2957
17,2958
17,2959
17,2960
17,2961
17,2962
17,2963
17,2964
17,2965
17,2966
17,2967
17,2968
17,2969
17,2970
17,2971
17,2972
17,2973
17,2974
17,2975
130,2975
127,2975
81,2975
17,2976
150,2976
224,2976
17,2977
17,2978
17,2979
17,2980
111,2980
17,2981
17,2982
17,2983
17,2984
17,2985
17,2986
17,2987
17,2988
17,2989
17,2990
17,2991
17,2992
17,2993
17,2994
79,2994
53,2994
209,2994
24,2994
17,2995
17,2996
17,2997
17,2998
17,2999
17,3000
177,3000
17,3001
17,3002
17,3003
17,3004
17,3005
17,3006
17,3007
17,3008
17,3009
17,3010
17,3011
17,3012
17,3013
17,3014
17,3015
17,3016
17,3017
17,3018
17,3019
17,3020
17,3021
17,3022
17,3023
17,3024
102,3024
179,3024
17,3025
17,3026
17,3027
17,3028
17,3029
17,3030
17,3031
17,3032
17,3033
17,3034
17,3035
17,3036
17,3037
17,3038
17,3039
17,3040
17,3041
17,3042
17,3043
17,3044
17,3045
17,3046
17,3047
17,3048
17,3049
17,3050
17,3051
17,3052
17,3053
17,3054
17,3055
17,3056
17,3057
17,3058
17,3059
17,3060
17,3061
17,3062
17,3063
17,3064
17,3065
17,3066
17,3067
17,3068
17,3069
17,3070
17,3071
17,3072
17,3073
18,3074
18,3075
18,3076
18,3077
18,3078
18,3079
18,3080
18,3081
18,3082
18,3083
18,3084
18,3085
18,3086
18,3087
18,3088
18,3089
18,3090
18,3091
18,3092
18,3093
18,3094
18,3095
18,3096
18,3097
18,3098
18,3099
18,3100
18,3101
18,3102
18,3103
18,3104
18,3105
18,3106
18,3107
18,3108
18,3109
18,3110
18,3111
18,3112
18,3113
18,3114
18,3115
18,3116
18,3117
18,3118
18,3119
18,3120
18,3121
18,3122
18,3123
18,3124
18,3125
18,3126
18,3127
18,3128
18,3129
18,3130
18,3131
18,3132
18,3133
18,3134
18,3135
18,3136
18,3137
18,3138
18,3139
18,3140
18,3141
18,3142
18,3143
18,3144
18,3145
18,3146
18,3147
18,3148
18,3149
18,3150
18,3151
18,3152
18,3153
18,3154
18,3155
18,3156
18,3157
18,3158
18,3159
18,3160
18,3161
18,3162
18,3163
18,3164
18,3165
18,3166
18,3167
18,3168
18,3169
18,3170
18,3171
18,3172
18,3173
18,3174
18,3175
18,3176
18,3177
18,3178
18,3179
18,3180
18,3181
18,3182
18,3183
18,3184
19,3185
178,3185
19,3186
42,3186
19,3187
3,3187
19,3188
206,3188
19,3189
259,3189
19,3190
19,3191
175,3191
19,3192
197,3192
19,3193
236,3193
19,3194
189,3194
19,3195
173,3195
19,3196
100,3196
19,3197
197,3197
19,3198
66,3198
19,3199
131,3199
19,3200
19,3201
128,3201
19,3202
19,3203
19,3204
19,3205
19,3206
19,3207
19,3208
19,3209
19,3210
19,3211
19,3212
178,3212
19,3213
42,3213
19,3214
3,3214
19,3215
206,3215
19,3216
259,3216
19,3217
19,3218
175,3218
19,3219
197,3219
19,3220
236,3220
19,3221
189,3221
19,3222
173,3222
19,3223
100,3223
19,3224
197,3224
19,3225
66,3225
19,3226
131,3226
19,3227
19,3228
128,3228
19,3229
19,3230
19,3231
19,3232
19,3233
19,3234
19,3235
19,3236
19,3237
19,3238
19,3239
19,3240
19,3241
19,3242
19,3243
19,3244
19,3245
19,3246
19,3247
19,3248
19,3249
19,3250
19,3251
19,3252
19,3253
19,3254
19,3255
19,3256
19,3257
19,3258
19,3259
19,3260
19,3261
19,3262
19,3263
19,3264
19,3265
19,3266
188,3266
19,3267
19,3268
19,3269
229,3269
19,3270
187,3270
19,3271
19,3272
166,3272
19,3273
149,3273
19,3274
19,3275
19,3276
19,3277
135,3277
19,3278
19,3279
19,3280
19,3281
19,3282
188,3282
19,3283
19,3284
19,3285
229,3285
19,3286
187,3286
19,3287
19,3288
166,3288
19,3289
149,3289
19,3290
19,3291
19,3292
19,3293
135,3293
19,3294
19,3295
19,3296
19,3297
161,3297
19,3298
19,3299
19,3300
19,3301
114,3301
225,3301
19,3302
72,3302
91,3302
19,3303
233,3303
163,3303
19,3304
19,3305
70,3305
19,3306
220,3306
19,3307
19,3308
41,3308
19,3309
19,3310
19,3311
19,3312
19,3313
220,3313
19,3314
19,3315
19,3316
19,3317
95,3317
19,3318
19,3319
136,3319
19,3320
19,3321
58,3321
19,3322
19,3323
19,3324
19,3325
238,3325
247,3325
19,3326
19,3327
19,3328
19,3329
19,3330
19,3331
19,3332
75,3332
19,3333
19,3334
19,3335
19,3336
19,3337
19,3338
19,3339
123,3339
19,3340
19,3341
153,3341
19,3342
19,3343
19,3344
19,3345
19,3346
40,3346
19,3347
19,3348
19,3349
19,3350
75,3350
19,3351
19,3352
19,3353
19,3354
19,3355
19,3356
19,3357
123,3357
19,3358
19,3359
153,3359
19,3360
19,3361
19,3362
19,3363
19,3364
40,3364
19,3365
19,3366
19,3367
19,3368
19,3369
19,3370
19,3371
19,3372
19,3373
19,3374
19,3375
19,3376
19,3377
19,3378
19,3379
19,3380
19,3381
20,3382
104,3382
20,3383
154,3383
20,3384
210,3384
20,3385
190,3385
20,3386
143,3386
20,3387
210,3387
246,3387
20,3388
217,3388
105,3388
20,3389
204,3389
20,3390
20,3391
20,3392
20,3393
20,3394
20,3395
260,3395
20,3396
226,3396
20,3397
51,3397
20,3398
20,3399
20,3400
20,3401
20,3402
20,3403
20,3404
20,3405
20,3406
20,3407
20,3408
20,3409
20,3410
20,3411
221,3411
20,3412
20,3413
20,3414
20,3415
20,3416
20,3417
267,3417
20,3418
20,3419
20,3420
20,3421
20,3422
20,3423
20,3424
20,3425
20,3426
20,3427
20,3428
20,3429
20,3430
20,3431
20,3432
20,3433
221,3433
20,3434
20,3435
20,3436
20,3437
20,3438
20,3439
20,3440
20,3441
20,3442
20,3443
176,3443
20,3444
23,3444
20,3445
171,3445
20,3446
20,3447
101,3447
20,3448
20,3449
20,3450
20,3451
20,3452
20,3453
20,3454
20,3455
20,3456
20,3457
20,3458
20,3459
20,3460
20,3461
20,3462
20,3463
20,3464
20,3465
20,3466
20,3467
20,3468
20,3469
20,3470
20,3471
20,3472
20,3473
20,3474
20,3475
20,3476
20,3477
20,3478
20,3479
20,3480
20,3481
20,3482
20,3483
20,3484
20,3485
20,3486
20,3487
20,3488
20,3489
20,3490
20,3491
20,3492
20,3493
20,3494
20,3495
20,3496
20,3497
20,3498
20,3499
20,3500
20,3501
20,3502
248,3502
20,3503
20,3504
20,3505
20,3506
167,3506
20,3507
20,3508
20,3509
20,3510
20,3511
20,3512
20,3513
20,3514
20,3515
210,3515
20,3516
20,3517
20,3518
20,3519
20,3520
20,3521
20,3522
20,3523
20,3524
20,3525
210,3525
20,3526
20,3527
20,3528
20,3529
20,3530
20,3531
20,3532
20,3533
20,3534
20,3535
20,3536
20,3537
20,3538
20,3539
20,3540
20,3541
20,3542
20,3543
20,3544
20,3545
20,3546
20,3547
20,3548
20,3549
20,3550
20,3551
20,3552
20,3553
20,3554
20,3555
20,3556
20,3557
20,3558
20,3559
20,3560
20,3561
94,3561
89,3561
20,3562
94,3562
89,3562
20,3563
20,3564
264,3564
20,3565
264,3565
20,3566
264,3566
20,3567
20,3568
20,3569
20,3570
20,3571
20,3572
20,3573
20,3574
20,3575
20,3576
20,3577
20,3578
20,3579
20,3580
20,3581
20,3582
20,3583
84,3583
20,3584
20,3585
20,3586
20,3587
20,3588
20,3589
20,3590
20,3591
20,3592
20,3593
20,3594
20,3595
107,3595
20,3596
20,3597
20,3598
20,3599
20,3600
20,3601
20,3602
20,3603
20,3604
20,3605
20,3606
20,3607
20,3608
20,3609
20,3610
20,3611
20,3612
107,3612
20,3613
20,3614
20,3615
20,3616
20,3617
20,3618
20,3619
20,3620
20,3621
20,3622
20,3623
20,3624
87,3624
20,3625
87,3625
20,3626
87,3626
20,3627
20,3628
54,3628
20,3629
54,3629
20,3630
20,3631
49,3631
20,3632
49,3632
20,3633
20,3634
20,3635
20,3636
20,3637
20,3638
20,3639
20,3640
20,3641
20,3642
20,3643
20,3644
20,3645
20,3646
20,3647
20,3648
20,3649
20,3650
20,3651
20,3652
20,3653
20,3654
20,3655
20,3656
20,3657
20,3658
20,3659
20,3660
20,3661
20,3662
20,3663
20,3664
20,3665
20,3666
20,3667
20,3668
20,3669
20,3670
20,3671
20,3672
20,3673
20,3674
20,3675
20,3676
20,3677
20,3678
20,3679
20,3680
20,3681
20,3682
20,3683
20,3684
20,3685
20,3686
20,3687
20,3688
20,3689
20,3690
20,3691
20,3692
20,3693
20,3694
20,3695
20,3696
20,3697
20,3698
20,3699
20,3700
20,3701
20,3702
20,3703
20,3704
20,3705
20,3706
20,3707
20,3708
20,3709
20,3710
20,3711
20,3712
20,3713
20,3714
20,3715
20,3716
20,3717
20,3718
20,3719
20,3720
20,3721
20,3722
20,3723
20,3724
20,3725
20,3726
20,3727
20,3728
20,3729
20,3730
20,3731
20,3732
20,3733
20,3734
20,3735
20,3736
20,3737
20,3738
20,3739
20,3740
20,3741
20,3742
20,3743
20,3744
20,3745
20,3746
20,3747
20,3748
20,3749
20,3750
20,3751
20,3752
20,3753
