S_ID,S_Name,S_Length,S_Genre,AL_ID,S_SpotifyID
1,Dial Drunk - Live From Fenway Park,412,unknown,1,0WseRUW8OYOO9DFc8wEm0h
2,New Perspective - Live From Fenway Park,299,unknown,1,1LY1BU38jRibS0yFaXiaYu
3,"Everywhere, Everything (feat. Gracie Abrams) - Live From Fenway Park",270,unknown,1,7MzO0kzm50txv7WLzL8T7c
4,Forever - Live From Fenway Park,307,unknown,1,4lz41jrIh1Rh2WOAqOkhCE
5,Pain Is Cold Water - Live From Fenway Park,140,unknown,1,1XUlg6YCcns9gsJAB4DoFi
6,Maine - Live From Fenway Park,238,unknown,1,1eEIA3CY9SWGpke7o91KQr
7,Paul Revere - Live From Fenway Park,240,unknown,1,5u8X60SaWUfgHtp2JJQe8V
8,All My Love - Live From Fenway Park,269,unknown,1,3tD8ouD8snT8FaR0WjKDrh
9,"Your Needs, My Needs - Live From Fenway Park",214,unknown,1,2YHwfAOyrZbT2KqgySoP13
10,You're Gonna Go Far - Live From Fenway Park,299,unknown,1,5OCuECff0ZckCjOzluQ7tN
11,Homesick - Live From Fenway Park,257,unknown,1,0vK7gs8sZHd4zA3VPcFZGC
12,Growing Sideways - Live From Fenway Park,247,unknown,1,45zWHw3w7cdMqMUr7FH7NZ
13,She Calls Me Back - Live From Fenway Park,248,unknown,1,2YDcWyf66jD8V3q1fpfVdO
14,Orange Juice - Live From Fenway Park,505,unknown,1,7IjnTshqIeRrximd64mZCn
15,Northern Attitude - Live From Fenway Park,335,unknown,1,3lulMSN2rgFqsTqeTXJROr
16,Mess - Live From Fenway Park,247,unknown,1,4IuZhAaXnbT44NARa2Hfcj
17,The View Between Villages - Live From Fenway Park,262,unknown,1,0yqwjSr9kh23AaxvvXJmaa
18,Stick Season - Live From Fenway Park,277,unknown,1,5JypW6GXQzoQQr8TolMhjC
19,Northern Attitude,267,unknown,2,3KDNyhl9k5sFfk3TGr55L9
20,Stick Season,182,unknown,2,2b1fXPog9FFIIk550j5gPe
21,All My Love,251,unknown,2,3SPyQLorNAVh3XFtFiay1A
22,She Calls Me Back,243,unknown,2,0027zf5idrflGmhXsvdVJr
23,Come Over,197,unknown,2,4qiCVxm7PLSS9dypeYHiMk
24,New Perspective,256,unknown,2,5IHq3x0UsDi7nHc3heKmix
25,"Everywhere, Everything",257,unknown,2,1k8Sf24sLluqTZNytSU6z9
26,Orange Juice,297,unknown,2,5P4q42ChGHOQvyfObwm725
27,Strawberry Wine,285,unknown,2,0trNh7z2PADsWSPoblvp1i
28,Growing Sideways,255,unknown,2,7cgA19NSP6ddhI9uGFGsFU
29,Halloween,235,unknown,2,1wPedbbr9AS2hs6MG9JN0z
30,Homesick,194,unknown,2,7ex2kOvffV4CCNrTWxNHui
31,Still,187,unknown,2,0TpXkiohXTxYoeRIrkJLD1
32,The View Between Villages,215,unknown,2,6o7GMQmyFOIBR032RRaK4W
33,"Your Needs, My Needs",207,unknown,2,6CLdJKzGywcb1c3FqKCwQ6
34,Dial Drunk,213,unknown,2,4hc72sJUDqVHBrpoqe3Zvr
35,Paul Revere,213,unknown,2,37g4Qve8bVINBrVImBp4Uz
36,No Complaints,205,unknown,2,0ktvdt4ZkzqCXvrTTFqWhZ
37,Call Your Mom,278,unknown,2,4CT9LponhzAsV6Oe0FRX4y
38,You’re Gonna Go Far,286,unknown,2,6rlI2QIaVw5DmmQKp2mkhB
39,The View Between Villages - Extended,292,unknown,2,4VIyzZuHirAbRrQ0C1lA4q
40,Forever,268,unknown,2,0FlwhvrncUKrEAhzunmCKm
41,Dial Drunk (with Post Malone),213,unknown,2,5TXbpmu45IS8x0YPiUF1jy
42,Call Your Mom (with Lizzy McAlpine),278,unknown,2,3guGAtyo4OMdTZzOshIugb
43,She Calls Me Back (with Kacey Musgraves),243,unknown,2,0MpQPb1hrwk4dPiyWEGmer
44,Northern Attitude (with Hozier),267,unknown,2,6pBeLF2GZS3NNwV4DBvtg5
45,"Everywhere, Everything (with Gracie Abrams)",257,unknown,2,745JbQYxoYIegHzHTUxETp
46,Homesick (with Sam Fender),194,unknown,2,4L3Rud7r43lpC2NVJeSzSO
47,You’re Gonna Go Far (with Brandi Carlile),286,unknown,2,2U15ix0JMkQY8EsxneUfyL
48,Paul Revere (with Gregory Alan Isakov),213,unknown,2,6BTAzOm96NwuGXhfHqWYM4
49,Northern Attitude,267,unknown,3,0F2ptTeWy3Yf7kuFMyNdSb
50,Stick Season,182,unknown,3,7ibpNcYxrstM16ehN7OwbK
51,All My Love,251,unknown,3,11F1Tpe5da6M6vKLbUjauU
52,She Calls Me Back,243,unknown,3,1KUINfIgNjnttphTi4imgI
53,Come Over,197,unknown,3,2P8i4ibQlXovki9IIPPubS
54,New Perspective,256,unknown,3,1mAfZYkVfwcPuqqPJZ1Opu
55,"Everywhere, Everything",257,unknown,3,7rn89zBlXChGFTNHFZA8un
56,Orange Juice,297,unknown,3,4KwhK2ileXV2wSfp78pqOx
57,Strawberry Wine,285,unknown,3,66wJkV0KgbGSBHkHDd8tp2
58,Growing Sideways,255,unknown,3,2dvEJon5AhhjLs6j8w91Hn
59,Halloween,235,unknown,3,3Vi7JrafGbqd1lwwO1EiOm
60,Homesick,194,unknown,3,4GQTPAuWzCgF3QQG75vYE1
61,Still,187,unknown,3,3GHHAffcXFz36X313sC0mU
62,The View Between Villages,215,unknown,3,51HurwUcQOP7DaGR4ORYZ3
63,"Your Needs, My Needs",207,unknown,3,5S9hlmzNQwZuhynLfxZ8Lg
64,Dial Drunk,213,unknown,3,0caJ2wkqp4UmXBwdR2JvB5
65,Paul Revere,213,unknown,3,1dHtMSJ1Ozg2Ja6GX4McAO
66,No Complaints,205,unknown,3,52DudaVZObvmBgEX6IObHX
67,Call Your Mom,278,unknown,3,3yn01PcU95PTbiZ3xvop2j
68,You’re Gonna Go Far,286,unknown,3,4nHJcUtNSUVjXRnjdP29Bk
69,The View Between Villages - Extended,292,unknown,3,5ihBtaVVMqO5VqJA5wnmfy
70,Northern Attitude,267,unknown,4,4O2rRsoSPb5aN7N3tG6Y3v
71,Stick Season,182,unknown,4,0mflMxspEfB0VbI1kyLiAv
72,All My Love,251,unknown,4,7ByxizhA4GgEf7Sxomxhze
73,She Calls Me Back,243,unknown,4,1LvU6IFqQnXOIwJyBDb2io
74,Come Over,197,unknown,4,2NmaDAnnP9zspaHLc5aSjb
75,New Perspective,256,unknown,4,1M39ETXmej4g9EMSeXPUgj
76,"Everywhere, Everything",257,unknown,4,32iNr3J93tqFkxaMYwdRYi
77,Orange Juice,297,unknown,4,07UFnnK3uPIuKv5Rs9TmXl
78,Strawberry Wine,285,unknown,4,7Gvf6Li9MYft4fUijkFjKq
79,Growing Sideways,255,unknown,4,1JcIXOir94YUYBt2cXTzn2
80,Halloween,235,unknown,4,5aeQMQDWe64gVnVYSOqW6A
81,Homesick,194,unknown,4,0jkzxxDG8z3Y5OmfNl1VM0
82,Still,187,unknown,4,10r6fXqVFUfARiEswa4wqV
83,The View Between Villages,215,unknown,4,6PdWPdgPoVCT9WLFMVnhxx
84,Part of Me,239,unknown,5,1o5WgxPWvoVgo20DQItKOE
85,Animal,219,unknown,5,00vhtWzNIISd9I04Cl3K7N
86,Caves,201,unknown,5,1Pcz3lqppUM5OROz81qRAa
87,Bad Luck,191,unknown,5,05CRP83e1AD3kl6rP1r5aB
88,Godlight,247,unknown,5,3cgf3PmzUZKLCRulrKrzZG
89,Someone Like You (feat. Joy Oladokun),186,unknown,5,0hiHNxqKGf3GZgVTIOAiiK
90,Fear Of Water,171,unknown,5,3NGulWlwuwKJNdLJNe07qR
91,Hollow,272,unknown,5,1DQiQmwleN5zdUSWZlMpGQ
92,Bury Me,194,unknown,5,7pMcFGqSPspI93eucFYVrI
93,Howling,285,unknown,5,07Bf6NNEWHOgivLQbb1Akg
94,False Confidence,223,unknown,6,7nDFTHHwfe32a8qdp9XqPy
95,Mess,213,unknown,6,1BlQWQgGP84r4GYUVty4Ar
96,Hurt Somebody,167,unknown,6,2Zg0aB5oVQlbQE1vzQmIIY
97,Young Blood,208,unknown,6,5ngcqrs4Xq915GUqNtNNr5
98,Busyhead,254,unknown,6,2rh74erKixxVL5jybdahEd
99,Cynic,208,unknown,6,6IW6mD0OrfYXXkTgdLBQ83
100,Save Me,178,unknown,6,6e9NA7CWZwoT6V2c91fw8q
101,Sink,225,unknown,6,3lTxG17fsMrjrNkTNJ9NaZ
102,Tidal,214,unknown,6,2DPI5lHpb0wmjaL222fPdF
103,Carlo's Song,234,unknown,6,7qjCmoM2kKXAt2QIPhLVIg
104,Orpheus,197,unknown,7,58AVEtQU2ytZFM9P0Ia47P
105,Eurydice,213,unknown,7,6RSFh9ZJSUWELVF7HpVaEH
106,In The Cold,229,unknown,7,6beSYHufyvl3qhC06pckxT
107,The Fire,193,unknown,7,0w4opFMPxNEWZNsBBfgvAP
108,The Only Thing Left,207,unknown,7,4apD33aUIutdEPONTlD48Z
109,Dance Here Slowly,195,unknown,7,0acgBnRSKMsG85hwLlTBwZ
110,Captured,219,unknown,7,6yHs2XG2j3zBsrR6boecn4
111,Fair To You,218,unknown,7,5WNh6gcqlXOp26jHYIRsx6
112,San Fernando,226,unknown,7,0fdgEwFHqRsyRkmK4GPN0Y
113,Something Sweet,217,unknown,7,1XkVHVdIiFP2shNJI9b55a
114,Worth the Walk,200,unknown,7,0b6sdOUZ6DMiE8rhTpGuzK
115,The View He Turned and Saw,253,unknown,7,2EENd9ctb4hgbT8la1SaPJ
116,The End of Eurydice,236,unknown,7,7JYURv8CB3u8NR3whbfSi9
117,Inner Peace,251,unknown,7,6wRCpcsnJ1qcbNCdj8u7Zy
118,Charon Retires,262,unknown,7,3cFzSanEnfEh8d3MqfOBpC
119,I'm The Problem,177,unknown,8,7AeM1BGYM7emrqmQn1PuWv
120,I Got Better,204,unknown,8,4gfrYDtaRmp6HPvN80V2ob
121,Superman,188,unknown,8,3KC1yCIfkLrRaeeMUEKvg3
122,What I Want (feat. Tate McRae),184,unknown,8,04emojnbYkrRmv5qtJcgVP
123,Just In Case,166,unknown,8,5z0LSDpPpGwc2ZyJHpsE3J
124,Interlude,44,unknown,8,4NoOpkVBJsRB2YTiP9vRJD
125,Falling Apart,198,unknown,8,0GnNHCDj2WOJl70UUcvAEP
126,"Skoal, Chevy, and Browning",222,unknown,8,6TUf119oQrkteMSKTE1SOf
127,Eyes Are Closed,197,unknown,8,5QEAqQ7NzbTP8Px5N3Ggmi
128,Kick Myself,159,unknown,8,50kjUO9iWqTamrb3va05hu
129,20 Cigarettes,160,unknown,8,0YsIYFRoxkmEvbKCwTp0Tg
130,TN,185,unknown,8,7lq4b3sYM9cYSnCMxCafKe
131,Missing,182,unknown,8,7trGQmK2IAYxLb3wgqfawy
132,Where'd That Girl Go,151,unknown,8,72EqPCCpe79JBwtLlVsdZ6
133,Genesis,195,unknown,8,5ImJTOd6BMsvwuRgnlmyr7
134,Revelation,209,unknown,8,4HWDNZ1i6gyzu9tUbNhC2C
135,Number 3 and Number 7 (feat. Eric Church),195,unknown,8,5EA2rqylBTFpUVQUKiWFXs
136,Kiss Her In Front Of You,178,unknown,8,3vhOv5qBOX9urPOC9VyhWl
137,If You Were Mine,167,unknown,8,710dGcMZzo15JzqhJmDjOR
138,Don't We,191,unknown,8,7quUr3mlWKcQuBRfl6g5Sn
139,Come Back As A Redneck (feat. HARDY),238,unknown,8,33gSkDn6P9uS7ofaYiyBP6
140,Love Somebody,204,unknown,8,5mAGsieQbw180sYdL3RMKk
141,Dark Til Daylight,235,unknown,8,5t6VW9ocIgB84vD8uR5xXU
142,The Dealer (feat. ERNEST),183,unknown,8,5EHfZq7dOhKGYRQyScX2eY
143,Leavin's The Least I Could Do,187,unknown,8,5uhxL7UwvTMV6FSCTpKcjc
144,Jack and Jill,220,unknown,8,1OjNUHE1W7Cxeph9DJzKbe
145,I Ain't Comin' Back (feat. Post Malone),175,unknown,8,1BDLD4c07q0bmq2VCRsXoE
146,Nothin' Left,162,unknown,8,1oPhkzw5Jt2izQmKj7CkVO
147,Drinking Til It Does,190,unknown,8,5gGz4XkNZV335nYgs34Ro7
148,Smile,224,unknown,8,0TaLETmF6CvzLKukgBXERn
149,Working Man's Song,256,unknown,8,3mXxKFehajiV2TiL8n8DwA
150,Whiskey In Reverse,237,unknown,8,3ru3YfbjQNHbGjamBhxlsG
151,Crazy Eyes,198,unknown,8,5pJBr57ff2dzpelkCQxnJE
152,LA Night,169,unknown,8,1MKOPZWwR9WAzlP2B6tn5o
153,Miami,205,unknown,8,1N8dX8FWPUzVuSlKJA25FK
154,Lies Lies Lies,198,unknown,8,1KL0yUBT1U2PfVUWIhWL7l
155,I'm A Little Crazy,199,unknown,8,2zIl3eEUd51KdtqGyJw1sg
156,Going Down,213,unknown,9,228JzyWy3jGXFQwkxedQju
157,Scared to Live Without You,224,unknown,9,4UeIFyH2pHTbpFapsJiHlj
158,2 of Us Alone,226,unknown,9,0tENVUOsUg8WUEbQt22t50
159,Got It Made,223,unknown,9,6B7oin891Od89RLiqB4sCV
160,What's Your Story,247,unknown,9,2Z8uPU4ZcpCLB1ZRjhHn9M
161,Spin You Around,212,unknown,9,0mYIOzA3XWuqewk2GDtsnP
162,Afterglow,216,unknown,9,6RCNuKfjVTQiAW5eSW5DeW
163,Heaven Can Take a Backseat,222,unknown,9,3rOskDqCjbWeCqFhgwuI5G
164,Sleep When We’re Dead,261,unknown,9,1PnddBkrATwdzGcJEkHWK6
165,Stand Alone,249,unknown,9,4OzheqUsa4ApRJXYn326T5
166,Man of the South,213,unknown,9,2hutIPdxdzIW4Zc6yjeC3f
167,Yin Yang Girl,207,unknown,9,1ag8VXTdrtbeQLDYNCQTXz
168,Bonfire Jam,218,unknown,9,6WDPEN5W6UXqTNpWLRnvmZ
169,Born With A Beer In My Hand,188,unknown,10,2oKoID9gumVTvPKuropmyS
170,Last Night,163,unknown,10,583dMdiUquLMenarTp7PQm
171,Everything I Love,187,unknown,10,6k7vV1OGewIoqEmUg3L7Am
172,Man Made A Bar,191,unknown,10,2MikXpemnNsCebcU3MJ788
173,Devil Don’t Know,205,unknown,10,6Vy64jL0YcpfQPDlI1Hn1p
174,One Thing At A Time,206,unknown,10,7x3Qs6ypdqt0GknNKoSLPq
175,’98 Braves,178,unknown,10,1lBBFLNJuTGw1NTk3ylpVW
176,Ain’t That Some,158,unknown,10,1rFH4TZS38gkcLcW02bEm7
177,I Wrote The Book,181,unknown,10,55uX7uGvi9LNkIcY087lYy
178,Tennessee Numbers,225,unknown,10,77uA1aXQ0iwSzA39LnY3GO
179,Hope That’s True,186,unknown,10,39SCYi7s8rMyUR2df771Vf
180,Whiskey Friends,205,unknown,10,7bDnRNTv04GJwjPaDU4K23
181,Sunrise,182,unknown,10,77B3y931wb0CllQ9mr2OTD
182,Keith Whitley,187,unknown,10,1BaDHVwdvmT1b8WOwhmInk
183,In The Bible,195,unknown,10,12yrm2FnFI9uaGrIaiAtvV
184,You Proof,157,unknown,10,4U1wiRcBOsDvxFbw0hJgq7
185,Thought You Should Know,215,unknown,10,4Fm1GxOXJEiJQ3z6LCQbSP
186,F150-50,191,unknown,10,2XILlcy7137nRpVHDGEttO
187,Neon Star (Country Boy Lullaby),171,unknown,10,4hZCC64Rv4MRrY4gJSfoWi
188,I Deserve A Drink,206,unknown,10,1vEK7QlISGLcYm7SLZFaQR
189,Wine Into Water,223,unknown,10,0DwFOBIvJ5Q569M4tsTOI8
190,Me + All Your Reasons,174,unknown,10,1tHRctr0AkO4WdzT1GN7ZP
191,Tennessee Fan,198,unknown,10,64zmp5GQVAiEBQV1mwK3Q3
192,Money On Me,175,unknown,10,0oP0VrPXuPmfSSvQFwepJI
193,Thinkin’ Bout Me,177,unknown,10,6CtNzG2fYDp5jwyEi6PkYb
194,Single Than She Was,160,unknown,10,3RWP2RcDIVPtoSOOAX3HDT
195,Days That End In Why,162,unknown,10,5F3JDJu7V3EXinMhEVcZKa
196,Last Drive Down Main,193,unknown,10,6mbI7YKsBQbwwhHr82s1Uz
197,Me To Me,138,unknown,10,3yCbyUcF1Oq55rUH8VbzCc
198,Don't Think Jesus,225,unknown,10,5lr2072k2rWqaBNcOD8cPo
199,180 (Lifestyle),189,unknown,10,6CmETJCP8NSW6Z6siJixAf
200,Had It,199,unknown,10,6bsYXpygQTDRO48RtDRhGP
201,Cowgirls,181,unknown,10,4mtmmBBEgdJLYWnLy5zvWE
202,Good Girl Gone Missin’,175,unknown,10,3S0G33vWAUkyiHc8cPqzAw
203,Outlook,193,unknown,10,6Nf6DFVm0O9yLJC9N13RYL
204,Dying Man,183,unknown,10,651EWgRMSL0JI23zphNwKY
205,Sand In My Boots,202,unknown,11,1TxZpKp88K898Vlkjh0yIy
206,Wasted On You,178,unknown,11,5DZjEHLfwJ0Y9poq4YitQd
207,Somebody’s Problem,161,unknown,11,23LSOZlfUBRGMuKywbJrTp
208,More Surprised Than Me,157,unknown,11,7ogk2u3x1WMWvrxNTeUPXM
209,865,190,unknown,11,0AOzxzRFeTsIZrM9sYBt3t
210,Warning,156,unknown,11,6n0A8HJDij6AikjSiyDWlo
211,Neon Eyes,226,unknown,11,1b8QNDb4bfLLcD6KJlDFsY
212,Outlaw,229,unknown,11,4mTkYehJWPm7BNocMn47D7
213,Whiskey’d My Way,180,unknown,11,4GzGxQ199gfDzc3b5ArNeX
214,Wonderin’ Bout The Wind,182,unknown,11,1lLTvOdIhVlHiyqUZhxcWz
215,Your Bartender,185,unknown,11,2iG647zbravnFOfkdTRtgf
216,Only Thing That’s Gone,196,unknown,11,4TXtS87OnxB2OjXC8aEete
217,Cover Me Up,293,unknown,11,0dikGr14jUwswYBZGiKbiX
218,7 Summers,210,unknown,11,2ceRcdfmCUROnam4g6jwFD
219,More Than My Hometown,216,unknown,11,1lRDf4xkzHXLxNGpyB32hU
220,Still Goin Down,186,unknown,11,2A3Rb8hOQxOIiVjdpP0P9N
221,"Rednecks, Red Letters, Red Dirt",185,unknown,11,7IFWaeZ0onmy4hpGO33dtj
222,Dangerous,147,unknown,11,4iMitlo88cmbmq8SQ1CMt8
223,Beer Don’t,196,unknown,11,6blRxjqwcnfnQNq2tLZq0w
224,Blame It On Me,162,unknown,11,5ZnUKUqZ25rpf8dZ5natoY
225,Somethin’ Country,172,unknown,11,1JL8HqDlWBCfTzNRogWBa4
226,This Bar,185,unknown,11,5fwqK9wEebyEnnCO3Z52IF
227,Country A$$ Shit,186,unknown,11,7E0H1q9wX5gzrUAjjay7PV
228,Whatcha Think Of Country Now,182,unknown,11,6tSVoMrTfKTrQFAkUabfch
229,Me On Whiskey,210,unknown,11,7oLYjSdxLgSzAgNQ8PDwb6
230,Need A Boat,185,unknown,11,786yeV6s9vY8WTv8vmucFh
231,Silverado For Sale,224,unknown,11,1PPREjI3OJMBBlccd9Mvrn
232,Heartless (Wallen Album Mix),169,unknown,11,0kZn2AK08rTUEW3JxNSmjB
233,Livin’ The Dream,239,unknown,11,58kl0LD63Rl44HeFNA9z0I
234,Quittin’ Time,224,unknown,11,3c4v0i0MEpx68ckGNQd8NV
235,This Side Of A Dust Cloud,199,unknown,11,67PzoOtdX78wJIale0g6ty
236,Bandaid On A Bullet Hole,234,unknown,11,3wFCqZuAG1kb0RVimsrkPS
237,Sand In My Boots (The Dangerous Sessions) (Bonus),196,unknown,11,12SZnPxbxIyPBcbZne17H3
238,Sand In My Boots,202,unknown,12,12k3pLHg78j1NfwKf9B1jf
239,Wasted On You,178,unknown,12,5YanmSgudc0CaxZrn40YnM
240,Somebody’s Problem,161,unknown,12,6c8hSyRiwHXNjerMJnAIFk
241,More Surprised Than Me,157,unknown,12,2c06k72cZ1oUwh3xv1hxG4
242,865,190,unknown,12,1rU0ZI5o5nalpDsUAy0vZB
243,Warning,156,unknown,12,4F0UiUzU1sEwIRdMY0akMe
244,Neon Eyes,226,unknown,12,50mFx2cuJhmhqsrd90sKKZ
245,Outlaw,229,unknown,12,1dAYbhcGh9pWn8NGXXoBt7
246,Whiskey’d My Way,180,unknown,12,34FfJ0pI5XYD4zHZLm0wsi
247,Wonderin’ Bout The Wind,182,unknown,12,34hCuaKq1l0BIPFlewPD4R
248,Your Bartender,185,unknown,12,6Re0Nk3A9no6sG9KF3Qomq
249,Only Thing That’s Gone,196,unknown,12,0cLZboiFzp3rgYnPz33IJX
250,Cover Me Up,293,unknown,12,5AQNqdpl6SEV9rAHWy7U9w
251,7 Summers,210,unknown,12,7d35DaGPriDyYAfiHr9ynk
252,More Than My Hometown,216,unknown,12,0IRZwSCWFdT5D8hNCXHzZX
253,Still Goin Down,186,unknown,12,7kxmcMUravCNgfnj8Qq2Av
254,"Rednecks, Red Letters, Red Dirt",185,unknown,12,1Jn2a7TmOBhCpBO1WL8xEw
255,Dangerous,147,unknown,12,1MDQ1IsavnHoUFnxxKB2qf
256,Beer Don’t,196,unknown,12,1BENm97nnzsNyZ6KdNE3Og
257,Blame It On Me,162,unknown,12,42XcFis8b2Yesn6J06RyXP
258,Somethin’ Country,172,unknown,12,0DougW6R5ZoPKhOMGFBmRq
259,This Bar,185,unknown,12,2jfxh4Rh0IVnoh8052SeQe
260,Country A$$ Shit,186,unknown,12,0ATvyYvMH3Wlh1O4t0mwdg
261,Whatcha Think Of Country Now,182,unknown,12,6bPSncBdjSuhvHXRF049F2
262,Me On Whiskey,210,unknown,12,2nnRa7sSls2t9zf7x4zCNq
263,Need A Boat,185,unknown,12,0Lt04pLGDo0EnmguFgpv5C
264,Silverado For Sale,224,unknown,12,62vnEvCZfUj9Xzg9Zw9sqy
265,Heartless (Wallen Album Mix),169,unknown,12,660ILCe0OoFA3ab757SCAe
266,Livin’ The Dream,239,unknown,12,1q7MLlJqyDHgnvC7dqtHN0
267,Quittin’ Time,224,unknown,12,63jBjSoF3gtlgXPg3H3aZC
268,Up Down (feat. Florida Georgia Line),197,unknown,13,2RfYofkWwN77WJjR1rpena
269,Happy Hour,199,unknown,13,7HzQPlHJOw0wz1SWnWgh1Y
270,Had Me By Halftime,172,unknown,13,3z92w2yRpuxxlR11EfJye3
271,Whiskey Glasses,234,unknown,13,57TEkZN3f84tFJFHFrD4pO
272,Whatcha Know 'Bout That,194,unknown,13,40SsKTIEe0shbTNXGrW0H5
273,Redneck Love Song,189,unknown,13,4Fq3qtut7HdtxUVnsAEPDd
274,Little Rain,207,unknown,13,3EHw4Ibarp6Fru4XKmwrip
275,If I Know Me,157,unknown,13,7zK4UxuBYdenyXNHJ3U6HA
276,Chasin' You,205,unknown,13,0WiyWiJDkNCyGNqkv7NByy
277,The Way I Talk,208,unknown,13,6ok4IyXcJQekEeSlBjcI9Y
278,If I Ever Get You Back,173,unknown,13,6kfn5XxnspnDZkQzwCqyyA
279,Gone Girl,163,unknown,13,0sLIvKgLBMCg7Ncj7y5IfS
280,Not Good At Not,185,unknown,13,54MsbPnTWsEC66lVUyFodF
281,Talkin' Tennessee,221,unknown,13,1mUTpDe3E8pML637zOFL5D
282,The Long Surrender,225,unknown,14,2NjFNzt6b6wfFdekSl7hIj
283,Say It Now,233,unknown,14,3eOLu0TlUxIZfO27U2rH57
284,Highlands,224,unknown,14,7H7fEZEV2NFztIVldGC5lD
285,Sing To Me Savannah,249,unknown,14,44W9i9dUhzL65K0W9zhnBK
286,Where You Call Home,223,unknown,14,61gzo6Agq3QcaWflZ86A2V
287,Strangeness Of It All,217,unknown,14,43ebh2NbfyeTH8Rc0WNzqd
288,Take Me Dancing,244,unknown,14,5dQXzchbo24hchXLZtDoIy
289,The Door,198,unknown,14,6UjpjZm3lRFSJDv0vMzdsU
290,Growing Slow,166,unknown,14,6ZvKVfMhz23kKYS05tjYOu
291,Momma Loves Me,209,unknown,14,3Qa9o9MmAGDjIqMe501q27
292,Take The Blame,234,unknown,14,7hxgwxLyeQBy8S7K6YzZlo
293,Spread The Ashes,237,unknown,14,3cz4eoqqZZNpGR3qoKwxaq
294,Great Night - The London Tapes,253,unknown,15,5BLgLZDTgIzHJnVqpvQe7y
295,State I’m In - The London Tapes,232,unknown,15,1AR2rN5ripL1EJzlZZ0NcJ
296,Trouble - The London Tapes,401,unknown,15,3V0pw38IA4seswGI55gsMv
297,Banks - The London Tapes,265,unknown,15,4JfeWtZWNXhHdt7NNSinMj
298,Riding High - The London Tapes,291,unknown,15,4QBAlPdsEp73jAF3Kc0THD
299,Wasting Time - The London Tapes,577,unknown,15,291cEvWSQ6kUpgAyR0lvrX
300,Washed By The Water / Lay ‘Em Down - The London Tapes,317,unknown,15,19ATDsIKXGIudQRmDGxxnm
301,Wreck Me - The London Tapes,326,unknown,15,6rbqnTAvUPE48AEFuLuipT
302,Outsiders - The London Tapes,407,unknown,15,1BixhuoIKRttJ9WjGk488q
303,Hideaway - The London Tapes,250,unknown,15,63umT24ps3p4DACWCccb5t
304,Something Beautiful - The London Tapes,92,unknown,15,6hiIk3kUpLNQlRFvjFLtAb
305,Testify - The London Tapes,232,unknown,15,1HERb7XW6Vvk92XHrlsUd6
306,Washed by the Water (CMT Campfire Sessions),196,unknown,16,37z3OpmY4mhcyOLNxlPJe4
307,Brother (CMT Campfire Sessions),181,unknown,16,0Vyy1EbRqXOqP5vrNNo0gO
308,Great Night (CMT Campfire Sessions),177,unknown,16,43pzlSY6IeukF9x24OulHa
309,Let's Stay Home Tonight (CMT Campfire Sessions),212,unknown,16,6CuXwiUi4HAp87ZWrUpQNw
310,Banks (CMT Campfire Sessions),237,unknown,16,32W8q0y0XXqqN9eTdjBWTP
311,West Texas Wind (CMT Campfire Sessions),265,unknown,16,7DThO1vTaPsCAHp7fofZp1
312,Wasting Time (CMT Campfire Sessions),265,unknown,16,5KRtElf6oftsGvHfga6sUE
313,Temporary Tears (CMT Campfire Sessions),243,unknown,16,13xTecSeDxofppa5g2g7JC
314,The Outsiders (CMT Campfire Sessions),213,unknown,16,6tryZV1noTGwGe1GFiMCim
315,The Cave,216,unknown,17,05v2AuajU2cGgfEx73ktbY
316,Everknown,264,unknown,17,3bBEP0PXFISkTpj7jnFOjx
317,How Wonderful We Are,236,unknown,17,1A2mbkIm1zzPq1kvIQC3J7
318,Dreams (feat. Judah & The Lion),249,unknown,17,6upqycHdFZkd1JzVeqjnGo
319,When You Forgive Someone,233,unknown,17,033ub4kPGgchu9BZ20z5qO
320,Wasting Time (feat. Old Dominion),244,unknown,17,6dl2qQDdT9Xl7cuixvij2M
321,Fall On Me (feat. Carly Pearce),264,unknown,17,0mA4Uq9WRl32K5C39jAFUF
322,Hideaway,253,unknown,17,5sEaEivKlQzVjvoODCVUtL
323,By and By,228,unknown,17,5xRa9fYuFRGar1MZNFtIKL
324,Reaching Out To Find You,204,unknown,17,3FvwQiFxRP0VtgdqNevOTs
325,Temporary Tears (feat. Foy Vance),235,unknown,17,7ufTRGnTAYULPjiQkryS84
326,Alive - Live From Bridgestone Arena,283,unknown,18,6UazIs0xvGY8dxTpAbp7IT
327,Great Night - Live From Bridgestone Arena,247,unknown,18,5n2kimhorWY4vToHeaCMtj
328,Drive All Night - Live From Bridgestone Arena,249,unknown,18,0vHZtPqnbNOYbEKWscaOPS
329,The Outsiders - Live From Bridgestone Arena,298,unknown,18,0wHkDPGJvdiaXlM7rD9h74
330,Washed by the Water / Lay 'Em Down - Live From Bridgestone Arena,303,unknown,18,28fAMqb577bhleCx56D0KA
331,What I'm Here For - Live From Bridgestone Arena,224,unknown,18,7MCrbVhhejco10rWeTOCWq
332,Sunshine - Live From Bridgestone Arena,458,unknown,18,7hqwJlLseZgIvQP3FDwWTf
333,Into The Mystery - Live From Bridgestone Arena,237,unknown,18,7uEiv35DWUZH3nhkr0Y37M
334,Forever on Your Side - Live From Bridgestone Arena,204,unknown,18,7nisZjYBbfOd5thLKl7aAG
335,Keep Your Eyes Open / Testify - Live From Bridgestone Arena,235,unknown,18,34bQwHZsNEg40RJvu17sF5
336,Something Beautiful - Live From Bridgestone Arena,210,unknown,18,3rTtGMB9u2vOwg4tbmybL1
337,Multiplied / Difference Maker - Live From Bridgestone Arena,163,unknown,18,7pu7JQc6AgaWk1hsUNNuGM
338,Banks - Live From Bridgestone Arena,401,unknown,18,360I3zPMhrUfdzHaT8Mf5t
339,Carry Me (feat. Jon Foreman of Switchfoot) - Live From Bridgestone Arena,224,unknown,18,044Ts9HlFmnK4A1tdq2RW4
340,Hang On - Live From Bridgestone Arena,264,unknown,18,2KgQDei0aMr5j6KfkWHNtm
341,Hard Love - Live From Bridgestone Arena,236,unknown,18,5fwzdD78nAhZcv5bpRATqU
342,Riding High - Live From Bridgestone Arena,231,unknown,18,7mt6aNYdr2scqxALX8yDzP
343,Honky Tonk Women - Live From Bridgestone Arena,193,unknown,18,6IQBod6LE5zu5jX2QXZdr0
344,Who Am I - Live From Bridgestone Arena,238,unknown,18,0QIMMejmGaaI3ip3PWPFRu
345,I Am Yours - Live From Bridgestone Arena,281,unknown,18,4LuJLO7Jkb04uzqOCVWctw
346,When the Levee Breaks - Live From Bridgestone Arena,410,unknown,18,0S9BcUVYMMzH6BjpERUyHy
347,Mercy's Shore - Live From Bridgestone Arena,509,unknown,18,21yaaWxr33O9zM0WOfU2zD
348,I Wanna Remember (feat. Carrie Underwood) - Live From Bridgestone Arena,278,unknown,18,1kxxGO5YBAPRSbfOdj9o8W
349,Brother - Live From Bridgestone Arena,317,unknown,18,6AsPgtTC8j0YzudmpKbCfG
350,West Texas Wind - Live From Bridgestone Arena,368,unknown,18,2YuUVc3akND5uEwmjeUe7x
351,What I'm Here For,227,unknown,19,4KpXOqduhxXHxPjPrwyono
352,Into The Mystery,234,unknown,19,7ijKnhsWVEptmbvInv9Jt5
353,Sunshine,206,unknown,19,1KFLPyu8RIQaEVhMxPHXWe
354,Carry Me (feat. Switchfoot),220,unknown,19,6u2eVc7TAnj446wu2dkZhW
355,I Am Yours,276,unknown,19,5nUzRHDvRYqRcOlVWg67Di
356,Chances,178,unknown,19,6Gy5mynLmSKvEcyfW3M4CN
357,Sittin’ In The Backseat,236,unknown,19,66jGhveL4jvBYZZNTDoUSC
358,Give Me A Chance,216,unknown,19,0gjzaJSO4TZnPRhh5CloEx
359,Don't Throw All The Good Things Away (feat. Natalie Hemby),250,unknown,19,34KkebRI8bKXukClH96Oag
360,Innocence,238,unknown,19,3tkhHDBpaNxZW3dBITsVlb
361,I Wanna Remember (feat. Carrie Underwood),213,unknown,19,124KRi7jkm9Skq89xIK28V
362,West Texas Wind,249,unknown,19,0hEE072NMLpvIjDH4pSZ7W
363,Mercy’s Shore - Live From the Woods,381,unknown,20,4VXptJdzQpWl83yHXkATFR
364,Prisoner - Live From the Woods,309,unknown,20,2YbvuM1f35R6r355JyTn4j
365,Alive - Live From the Woods,226,unknown,20,5PTqGHvAXpdPoeAoPqlJgz
366,Who Am I - Live From the Woods,239,unknown,20,7MNzDWW5RsIkx89tT91N14
367,Great Night - Live From the Woods,276,unknown,20,3NYp3FRh02MM4L3bzNuSlw
368,"Feet, Don’t Fail Me Now - Live From the Woods",245,unknown,20,2XtwrWNauBOqWaWfVvl5FN
369,Banks - Live From the Woods,232,unknown,20,5MzJzSWpLdBSJLPBancoxV
370,Garden - Live From the Woods,221,unknown,20,2NVpYhQELg4XKFjdeo1qwD
371,Bridges Burn / Forever On Your Side - Live From the Woods,395,unknown,20,4jVe5oVQeQozXN92WLOn30
372,Riding High / Honky Tonk Women - Live From the Woods,571,unknown,20,5vTiCMB8WxSJOV16lTgz7d
373,Hang On - Live From the Woods,302,unknown,20,13TZ7IXEHUoxul3B3kvLlt
374,Survival - Live From the Woods,550,unknown,20,6f1My1VPEbJmAbpQpu5CGw
375,With A Little Help From My Friends / Brother - Live From the Woods,445,unknown,20,3QQL4OEkIV4rQNUGEH4Bi6
376,Child Again - Live From the Woods,241,unknown,20,4ZFKzFvHUR3YWwsBZY3I0x
377,"Encore Medley: Something Beautiful, White Fences & Washed By The Water - Live From the Woods",548,unknown,20,0l5AJrqBtXqe6rPI3vvwn6
378,Mercy’s Shore - Live From the Woods,382,unknown,21,3saGwrFpm95mvqFXo1iXaR
379,Prisoner - Live From the Woods,375,unknown,21,3GxyEyDMUbugZu2rLc9jac
380,Alive - Live From the Woods,226,unknown,21,24AlpAZ5o9L4dWZcuKIptK
381,Who Am I - Live From the Woods,239,unknown,21,5O6musXXpioYCmxCssM19j
382,Great Night - Live From the Woods,277,unknown,21,5Ky86dHK3ec8du7o4D8RQ2
383,"Feet, Don’t Fail Me Now - Live From the Woods",325,unknown,21,0i0R6HDs6YUZscRkTFrZKs
384,Banks - Live From the Woods,276,unknown,21,06gJiDe8n01jL1fpPOSXnA
385,Garden - Live From the Woods,223,unknown,21,0ewLr2mwZKCoAHaBzAUejo
386,Bridges Burn / Forever On Your Side - Live From the Woods,396,unknown,21,2t8bqi9UXVvsZEfmxlOO60
387,Riding High / Honky Tonk Women - Live From the Woods,578,unknown,21,3uc3yCbsOSD7PzUKjVDu3m
388,Hang On - Live From the Woods,302,unknown,21,7zLdvNlsuGx9Qsx2Ty1vXg
389,Survival - Live From the Woods,570,unknown,21,1ClsT1VhlQn7TI7OrHMqgD
390,With A Little Help From My Friends / Brother - Live From the Woods,546,unknown,21,5quGXzrrai3KZjAbaZob25
391,Child Again - Live From the Woods,323,unknown,21,0iAXzzQTChRdWTBhyGeuLf
392,"Encore Medley: Something Beautiful, White Fences & Washed By The Water - Live From the Woods",548,unknown,21,1phj3TPmkme5qS5FeeeoPh
393,Mercy's Shore,290,unknown,22,7HJKTREFiMhbQ1nN8baEx1
394,Alive,188,unknown,22,4AGZjVuinvocb92NWstmKA
395,Hang On,255,unknown,22,7iUNwLdjPrcteXLNq1fBlZ
396,Survival (feat. Drew Holcomb & Ellie Holcomb),267,unknown,22,4os91DjSzBTVk2GaPtkrMp
397,Child Again,229,unknown,22,5wWKC300gz5NFjxWxoUnCx
398,Out of Body,210,unknown,22,5e4LogEqbHBm1N19lSh3ox
399,Who Am I,207,unknown,22,1KKTKUFmFLZmEhbUyj47jN
400,Banks,240,unknown,22,6LFM1lnBcCIMDkU8oPYgmh
401,Riding High,246,unknown,22,4MEtQYamlZzBWqiPHLakmv
402,Bottom of a Heartbreak,272,unknown,22,3yqXbpPYLuuL5p2lTQIsAB
403,Seasons,243,unknown,22,5fkbOmiHN3RnG1qjzNFMyi
404,Who Am I (feat. Elle King) [Bonus Track],207,unknown,22,6xijtBcQRxVpetqZOeQcDI
405,LET'S STAY HOME TONIGHT (Acoustic Live),245,unknown,23,3qSH5ubSBQFcBPAUzFeg3v
406,Drive All Night (Acoustic Live),290,unknown,23,3VGSQj1yqLaMjfeDfRQZlj
407,NO EXCUSES (Acoustic Live),256,unknown,23,1guIDg89GAsuB2MHVY72hg
408,State I'm In - Acoustic Live,244,unknown,23,51CgK3E8kMEkWFLss0E5iA
409,Washed by the Water - Acoustic Live,145,unknown,23,0jqoEXAYk276OgMitsahqb
410,TESTIFY (Acoustic Live),238,unknown,23,5AuLyyj3s55OCWOwjE1Bhz
411,"Oh, Carolina - Acoustic Live",299,unknown,23,6BSqPmkTaIcd4W2l1qW8C2
412,Stand by Me - Acoustic Live,298,unknown,23,3SKoTtf8HFoFpJIszpWsRo
413,Stones Under Rushing Water (feat. Drew Holcomb & Ellie Holcomb) - Acoustic Live,261,unknown,23,2NkptrwXKrQqQezpisErKE
414,White Fences (Acoustic Live),233,unknown,23,1OLLZrwmIeSKqUHaWppSHx
415,CAGES - Acoustic Live,265,unknown,23,5gY6Hrq8aUR7ICmPUmqzWr
416,Brother - Acoustic Live,230,unknown,23,4XSXIVBJtHK2DGnVWW6Jr8
417,LET'S STAY HOME TONIGHT (Acoustic Live),304,unknown,24,3VpHhW058YNhFuaHbbjXA6
418,Drive All Night (Acoustic Live),290,unknown,24,4UKCxosI4GTWP7YV80JS9u
419,NO EXCUSES (Acoustic Live),291,unknown,24,7ramsuRnc706xxCeBSQJtQ
420,State I'm In - Acoustic Live,250,unknown,24,1nXquMfUt3XgbCnVSgaM7F
421,Washed by the Water - Acoustic Live,218,unknown,24,2bDi4gQA2mITGJBsBBZC0s
422,TESTIFY (Acoustic Live),238,unknown,24,3AiGq2v4QiwXcwIfDj38Hr
423,"Oh, Carolina - Acoustic Live",383,unknown,24,7inAoTSHSDbJxeMMi6G5HF
424,Stand by Me - Acoustic Live,435,unknown,24,0pohtuADv9aAqQ7KVDxa56
425,Stones Under Rushing Water (feat. Drew Holcomb & Ellie Holcomb) - Acoustic Live,394,unknown,24,478CcQt9iyivd9o1EDxTWc
426,White Fences (Acoustic Live),233,unknown,24,0Dxy4lf4lNM4OPSH7gs25S
427,CAGES - Acoustic Live,398,unknown,24,14gNcXEZp8oQte9THEqPJ8
428,Brother - Acoustic Live,230,unknown,24,59O0VJcvNObWBKnymlz7lS
429,"MOUNTAIN, Pt 1",56,unknown,25,5B2s8mPL2jvdRVwCPAqy3Z
430,HARD LOVE,214,unknown,25,0xcFH3973DZauDkGnNjMgm
431,MONEY & FAME,192,unknown,25,4jtJZ9mep9Cdh8RGl5vw0g
432,NO EXCUSES,165,unknown,25,3o1OKJvEN5nAnhnHhUnbCx
433,WHEN I SING,162,unknown,25,4ZP6l1gBTMuGterGX45ajy
434,HAPPINESS,205,unknown,25,7aag0fFgE9K1Gj8lJwQaGI
435,GREAT NIGHT (feat. Shovels & Rope),175,unknown,25,41cxe6eOzzQS6odQk6fNdp
436,BE HERE LONG,215,unknown,25,6aXKP2TWEkgruJvRujGMKG
437,DON'T BRING THAT TROUBLE,176,unknown,25,6WaIDdOdfmWdvXvUyBMq7F
438,LET'S STAY HOME TONIGHT,200,unknown,25,1kiylxwnw8R8rJoCDtubWM
439,TESTIFY,243,unknown,25,5OpjJ9qy54D3PzQJ1s4Q9X
440,CLEAR,411,unknown,25,3fq09awXzr1ghRFhvOMZsi
441,State I'm In - Live From the Woods,255,unknown,26,4COfFmoptdoLOaOTMThzYW
442,Wanted Man - Live From the Woods,455,unknown,26,5iwIEUNdwNzBlgEXwmuGQK
443,Drive All Night - Live From the Woods,257,unknown,26,1Lv5yBoMZjns32kokAViFY
444,Difference Maker - Live From the Woods,364,unknown,26,0rqI1xj1qR5wgi72dMszbV
445,Multiplied - Live From the Woods,310,unknown,26,32oDZwUUQD9piMoJQDWkIV
446,"Oh, Carolina - Live From the Woods",479,unknown,26,04SSM4UypO2alstueEzOea
447,Wasteland - Live From the Woods,396,unknown,26,0KkQpM0SE7J9EED0umtfBr
448,Keep Your Eyes Open - Live From the Woods,253,unknown,26,4cr8lgZ5Gfy1RNZ94MLoAS
449,Washed by the Water - Live From the Woods,482,unknown,26,3S19xEuhw5wSmi6v65rkph
450,Something Beautiful - Live From the Woods,264,unknown,26,2MUg0BhJxnZWVyIC7bs3xB
451,Girl Named Tennessee - Live From the Woods,232,unknown,26,7akPkU0bnWpCphTniu9kLx
452,Brother - Live From the Woods,258,unknown,26,4aDkzS56qUVE149AEWXD3z
453,The Heart - Live From the Woods,435,unknown,26,2r6HeA8oGwNeWhVJrRvIWe
454,The Outsiders - Live From the Woods,347,unknown,26,0cin3MrgwRYYfkYE9uKxj4
455,"More Heart, Less Attack - Live From the Woods",331,unknown,26,6gwhr8wr1zFTq5IsZKH5dh
456,"Feet, Don't Fail Me Now - Live From the Woods",230,unknown,26,28vi40MBTaNX7QlEcCdSVH
457,Devil's Been Talkin' - Live From the Woods,258,unknown,26,33YSL57H0RPahD4UdUy5Qw
458,State I'm In - Live From the Woods,262,unknown,27,1Wwqql1imGvxH0HHjYpgMZ
459,Wanted Man - Live From the Woods,457,unknown,27,48964GSffAAsOPSc0jh1xn
460,Drive All Night - Live From the Woods,339,unknown,27,1lH8YKPlGUybrE84Xrq1iv
461,Difference Maker - Live From the Woods,365,unknown,27,2T49S1hTFR9h6UcpQtZLLN
462,Multiplied - Live From the Woods,308,unknown,27,2hYTyxwtVzCg1yn82XQVMr
463,"Oh, Carolina - Live From the Woods",577,unknown,27,41aqxnmtTbKOlETPtOodUA
464,Wasteland - Live From the Woods,395,unknown,27,1RWEy6HPIDStJ1pHBl2Dvk
465,Keep Your Eyes Open - Live From the Woods,254,unknown,27,1htr30fjXwvDOj1geri2Ab
466,Washed by the Water - Live From the Woods,483,unknown,27,35T2gGICeWl9DyHVdYgT1d
467,Something Beautiful - Live From the Woods,260,unknown,27,6Ma1N4UIfZh4KEc22tBz0Q
468,Girl Named Tennessee - Live From the Woods,439,unknown,27,1V4htJ3YCadV1z8aA0UeFg
469,Brother - Live From the Woods,254,unknown,27,4tzs8naksDx9qpJRLYm6ta
470,The Heart - Live From the Woods,438,unknown,27,5NjoFfmQA9xc2fdz5at7x7
471,The Outsiders - Live From the Woods,352,unknown,27,4yqQrNma9tDnxlMU5zOIsU
472,"More Heart, Less Attack - Live From the Woods",351,unknown,27,2cHNlEi81Rk22FTGANLlM6
473,"Feet, Don't Fail Me Now - Live From the Woods",240,unknown,27,1IEndZMJLwBWYaksdzxte7
474,Devil's Been Talkin' - Live From the Woods,226,unknown,27,2rV0JZuZ1OkY9BIeM5PbMq
475,Wasteland,270,unknown,28,4ZHh8azw1RR3pg3HH0mqk0
476,State I'm In,199,unknown,28,3L8dg4YZ9tUDYBvBbHJ1hm
477,"Feet, Don't Fail Me Now",224,unknown,28,2rqbmthQPeTZNUW6FGmTD5
478,"Oh, Carolina",205,unknown,28,75Vc1ge16jlwRmEGCqCc6l
479,Difference Maker,340,unknown,28,7hX4fFsdWflBXRg2t994R7
480,Rise Again,197,unknown,28,5TdKJqoqM93RmNfcVgFBbW
481,The Heart,224,unknown,28,2gNRPDHT9jw2fIKLRpLgT9
482,Where the Money Is,202,unknown,28,7bxECEwQOcLXKIMKGojort
483,Multiplied,275,unknown,28,4zgO1SgXOeFmr6Hno9DLs4
484,Brother,289,unknown,28,76jtkq7829eEgEkoQrcjov
485,"More Heart, Less Attack",303,unknown,28,3JkqOeVknfXOZAi5leUAlp
486,Wasteland - Commentary,43,unknown,29,0IqSP3ID79lBUUHPs0CllU
487,State I'm In - Commentary,47,unknown,29,712QlzvU5kopIZ0RqYuyal
488,"Feet, Don't Fail Me Now - Commentary",41,unknown,29,1u9UZw60eyT1glrZabbAQE
489,"Oh, Carolina - Commentary",46,unknown,29,0eEJBRT7gbZ1FaC8Bg2v93
490,Difference Maker - Commentary,62,unknown,29,19e21cucIVWbAh3jRi2ze3
491,Rise Again - Commentary,51,unknown,29,4mYw5nr2rEtObgNUkHDPGH
492,The Heart - Commentary,70,unknown,29,3lP5gGlUfYOSrvRqYO8u9D
493,Where the Money Is - Commentary,60,unknown,29,3as71Ti3vRavOXrjeT5O00
494,Multiplied - Commentary,77,unknown,29,2ykloYEpjqPsHRbNSnSevZ
495,Brother - Commentary,76,unknown,29,5Y26QcT0s77276n3cpt4ce
496,"More Heart, Less Attack - Commentary",66,unknown,29,5Ro2xAvxZKBCWBvjQuLoqj
497,State I'm In - Live Room Version,232,unknown,30,3dCo3yBld4GWHdkIBDpZtT
498,The Heart - Live Room Version,216,unknown,30,0kSdhojCmJQf8eUEeEVkHz
499,Wasteland - Live Room Version,392,unknown,30,0RyInl53bY1Hep4uXo3don
500,Difference Maker - Live Room Version,296,unknown,30,2FeZEB1JmGm99RAYHUaULV
501,Outsiders - Live Room Version,226,unknown,30,6PVfNfSrsfwD3ELQtkNAN7
502,Devil's Been Talkin' - Live Room Version,197,unknown,30,52VaQBeRFl5Jf3X3JOx70V
503,Something Beautiful - Live Room Version,184,unknown,30,0hf3oKrTUvdKJ4rVhAtqzd
504,Oohs and Ahhs,277,unknown,31,5zYE9a843xyBHWjMawEpLH
505,White Fences,225,unknown,31,0aq1MFwgETUnlloseZlnZz
506,Drive All Night,253,unknown,31,4JMQOzSvrcAxjbhHBlXYE7
507,A Place Only You Can Go,192,unknown,31,6JOSRNNGKY0biVEkVwHLx6
508,Slumber,215,unknown,31,2jGC4FGFNvEtjWKZnexTdM
509,The Reckoning,224,unknown,31,3otEemJoXLV6pmaFP2vnhi
510,Able,261,unknown,31,30bet9VtBsUNIC6pnqQEnj
511,Maybe They're on to Us,190,unknown,31,5MUGQ5suDFIH8VJligmQT6
512,Wanted Man,246,unknown,31,7lYCapN3XxH0xSWBElS5O3
513,Keep Your Eyes Open,250,unknown,31,5IChepDidVaL8UkG6PuzB2
514,Tyrant Kings,249,unknown,31,5JzLuV7ZNE1Y6w9AZFLlOu
515,Devil's Been Talkin',215,unknown,31,3NFVSwV1hkqvpVMY2OVe3g
516,Angel at My Door,272,unknown,31,78M7KUPIhoBugjgeGJ3j3I
517,Learn to Love,261,unknown,31,6iHNgA743rfLaDuUh6eE9f
518,The Outsiders,268,unknown,32,5gPVhz4Z1YtVUFhUBmcrDR
519,Valley of Tomorrow,242,unknown,32,78sTKbAiBeyWA8yjki6N1e
520,Through Smoke,191,unknown,32,1pJaYLCynxQ0kNDs6ZK2zt
521,Lay 'Em Down,190,unknown,32,5384anjbn1d5biZEgrDUA7
522,What You've Done to Me,200,unknown,32,7MUE09Wcqf4kwXbVesUzWe
523,Hurricane,247,unknown,32,2jlLoamn74ycRqocJMB8mY
524,These Hard Times,216,unknown,32,1DH63fhdKfWrG4AV0Gz0SV
525,Stones Under Rushing Water,204,unknown,32,7mZawS4MsW4OpjhDU1eLdq
526,Prisoner,195,unknown,32,13XYZ0qjIczYjSHwTGXrF1
527,Won't Turn Back,189,unknown,32,2eXOl4Zc0gfdMM24Me5Ji3
528,Girl Named Tennessee,175,unknown,32,7xWoZoRXVUz58cKAhkvXxf
529,Something Beautiful,220,unknown,32,6iz58z2LC8uHL3H2aiwX6I
530,Garden,221,unknown,32,6KxJeMJcyZWI36t9iBL9H2
531,Let Us Love,222,unknown,32,4Aianh7NnTyWJ5k6j3lUIh
532,Spare the Time,36,unknown,33,220Fo95bRYQxdpncsb25w6
533,Restless,236,unknown,33,6KbBwNR3tXFfxY1WxfhTRk
534,Again,221,unknown,33,0u0rjdv9sd3U5nPCdXUWi1
535,Return,267,unknown,33,5AQn9MAepRUDUJGjOnv60Q
536,We Could Run Away,248,unknown,33,4HKjBsqzGScnd0TsKoVlNk
537,Streets of Gold,209,unknown,33,5Mu1Eo2YnSZgEdKwLaECdH
538,More Time,264,unknown,33,1HH2QAXNrjZl7h1H2K7HPr
539,Signature of Divine (Yahweh),244,unknown,33,45RIQSrYQaUkEIvFFb8M8a
540,Looks Like Love,258,unknown,33,5uOmoW4DrSVbijtDu35Rqc
541,The Heat,232,unknown,33,7JjVN8JcRJXRhcOnHh5v5a
542,Nothing Left to Lose,261,unknown,33,2ub8KCWpkmAz6ZK1wIVuFn
543,Moving On,189,unknown,33,1fy77dDQfK175r4LjpofRY
544,Washed by the Water,208,unknown,33,3rXoaocGAOEq6CorwCiI4J
545,Second Chances,276,unknown,33,4WDBimWFrmSruJ5cxYuYkY
546,Don't Wait for Daylight,225,unknown,34,4YFJTbQclXzswEIWy95fyS
547,Quit,205,unknown,34,6L0DOHfPcM6mUd4oj4Fe4c
548,Shine On,251,unknown,34,1F6zTAlf4oTW5MojZuYj38
549,Don't Leave Just Yet,233,unknown,34,1udBxtZiU03LC2hj8Uxdx3
550,Haley,200,unknown,34,2mrDkxyAGSTSJltFV9xGpS
551,You Are Here,198,unknown,34,2aTDgYdqOxoPvdo5No5K3H
552,Knew It All,188,unknown,34,7HUXxv5aRll28Z0SkfuErR
553,More Than,214,unknown,34,5GwC9wT4VRgdvJEsYPqrDH
554,Over Now,213,unknown,34,62aO7OXUnIrklPNVeIjZfG
555,Lost,242,unknown,34,0qUoCwcdGkAeeIBqJA6D0D
556,I Won't Look Back,187,unknown,34,3qMvR6kgNUugSORkDZM24I
557,MOON MUSiC,276,unknown,35,41FNZsY7w7KaTQ2bjxdR6w
558,feelslikeimfallinginlove,236,unknown,35,49S3znqBAQyPyMpEuKeyJ6
559,WE PRAY,233,unknown,35,7xrEnNo99wrmIs8ZK3RZMK
560,JUPiTER,240,unknown,35,3EbRbM7qyJq9qjRqDIwBTO
561,GOOD FEELiNGS,217,unknown,35,65wzicJctsW9GwnTnLWxQO
562,🌈,369,unknown,35,5lCyER2g9iYp4ozZ7iOKat
563,iAAM,183,unknown,35,1uwmf1x4LQLGv1P1xjJFYk
564,AETERNA,253,unknown,35,4EGl6H86WFalKVWSXbheb2
565,ALL MY LOVE,222,unknown,35,6iYxkBHyMpsgVxUgfy5fSx
566,ONE WORLD,407,unknown,35,7HFJpnjKUS7LGl8NiyfUE3
567,MOON MUSiC,276,unknown,36,4mEWgqYOEiygF1mzEn901R
568,feelslikeimfallinginlove,236,unknown,36,5VSqvL5NLxBr7uMNfjwLt8
569,WE PRAY,233,unknown,36,6xX6zmaXeKzB4u9TiM1XgU
570,JUPiTER,240,unknown,36,3Bc8H4AiPnI8yECFhs6Y3O
571,GOOD FEELiNGS,217,unknown,36,4nmIcNQjEGez4zeJfm5I1F
572,🌈,369,unknown,36,5kHwM1BRcIukEIy8x0emV8
573,iAAM,183,unknown,36,2uaihUX7HbKyXBpFxOUT2a
574,AETERNA,253,unknown,36,3Q3dNGUbRNp0Cn9ayZQJl0
575,ALL MY LOVE,222,unknown,36,1mAMlMxsUBQ4qqQ8FVdjt8
576,ONE WORLD,407,unknown,36,66KIWk0JIZDOAfsYDCosVP
577,Moon Music - Elodie,166,unknown,36,5T7FLSnK2cQLfsP1hODPiC
578,feelslikeimfallinginlive,276,unknown,36,0jBZ05RoZHQfkxInRz7Byr
579,The Karate Kid,175,unknown,36,0cZEkGxb0V9MbpzHzpKp9F
580,We Pray - Be Our Guest,233,unknown,36,0dlJ9E3QZZ78a9cUns9VCO
581,Angelsong,261,unknown,36,6xXocHy6Oux7H3MSDJd0mn
582,Jupiter - Single Version,173,unknown,36,4fsBnPUzyKk8FxedqAlyx7
583,Man in The Moon,234,unknown,36,5NPe4fAhaMwcho571EJXDi
584,i Am A Mountain,186,unknown,36,2NYCEJK25YURZTQSA0msEZ
585,All My Love - Live in Dublin,246,unknown,36,3aaXb0yHa5voqqAXALjUJm
586,👋,153,unknown,36,48pTPjEyxxD4aHg9uBTp6G
587,🪐,53,unknown,37,1a3G9SNslcKsPAOuIikaxd
588,Higher Power,206,unknown,37,65OR4ywy8Cgs3FDHK82Idl
589,Humankind,266,unknown,37,23BO6YozrAXUta1buxFZ80
590,✨,53,unknown,37,1danObd53GynoY83wRz3Ua
591,Let Somebody Go,241,unknown,37,4cGqn0E8JCSY9gQllQj4Mf
592,❤️,188,unknown,37,3oTYv0yShT4sjuPncoUXfK
593,People of The Pride,217,unknown,37,5ophZLHA9mwSZhQSmboyDN
594,Biutyful,192,unknown,37,2L2mM3rEO3arNIMQnb3dou
595,🌎,21,unknown,37,0RbekAlUrwR6ZWJdwB3V4y
596,My Universe,226,unknown,37,46HNZY1i7O6jwTA7Slo2PI
597,♾,226,unknown,37,2wleRXcIPqltoDPLMH5WDa
598,Coloratura,617,unknown,37,0jH7gF7KCk2Lom9gimaKms
599,Sunrise,151,unknown,38,6Tb7Zfo4PcSiS4TqQ4NnTh
600,Church,230,unknown,38,1e8D1BCD2afT56Km7UahpB
601,Trouble In Town,278,unknown,38,45PqOIkZ9PdCjsCJQYzx9G
602,BrokEn,150,unknown,38,1cXXhzPnbrXjNQYbLdUJdy
603,Daddy,298,unknown,38,3pcPPhPAiurm2Ior11SHrz
604,WOTW / POTP,76,unknown,38,7jib2tJjQ82kTIZZATMvAK
605,Arabesque,340,unknown,38,0ZlVUhjO8c0bOx1D2Btznf
606,When I Need A Friend,155,unknown,38,0UvUivL70eDwhTWBd8S38I
607,Guns,115,unknown,38,6VzRvCbolqcUswaSPm48rI
608,Orphans,197,unknown,38,03T4ttRCiLXST6MZjeMwmR
609,Èkó,157,unknown,38,2HUtNS9qtfgWbnaagK6AAe
610,Cry Cry Cry,167,unknown,38,4Kwhm5VU4huxmQtBqd1AXo
611,Old Friends,146,unknown,38,3E3zYgQul8EaJioNvD2tv9
612,بنی آدم,194,unknown,38,6DGzLNiawTtntC9NHzeMeY
613,Champion Of The World,257,unknown,38,6mf7BNgXs8JipPr2QILnyN
614,Everyday Life,258,unknown,38,0h9fnCSnbUgOEgibnQByFv
615,A Head Full of Dreams - Live in Buenos Aires,299,unknown,39,5H8lr4az4Vo3LloH67yVRt
616,Yellow - Live in Buenos Aires,350,unknown,39,2s2Ld1Xm7t88gSVvohNbPL
617,Every Teardrop Is a Waterfall - Live in Buenos Aires,244,unknown,39,4Q0yfgpERfkp59Pf2tdI4q
618,The Scientist - Live in Buenos Aires,388,unknown,39,1aZhbOdRqshLS6uPjiO8Y4
619,God Put a Smile upon Your Face - Live in Buenos Aires,274,unknown,39,2q8WO601qIwLwV4DgXDCiO
620,Paradise - Live in Buenos Aires,419,unknown,39,314gi4w3RdZxlocdWw0Khr
621,Always in My Head - Live in Buenos Aires,221,unknown,39,0oAchaVoTWj6lXTR6f2dSU
622,Magic - Live in Buenos Aires,285,unknown,39,6EqxH0njjZuuI3gFZN3Z1o
623,Everglow - Live in Buenos Aires,295,unknown,39,4U5Cr41d1K6s48GAndvCdM
624,Clocks - Live in Buenos Aires,260,unknown,39,4cHZ7W5R81upaIGZfqWxbB
625,Midnight - Live in Buenos Aires,105,unknown,39,62OqszvOYSuonp6Buj4P74
626,Charlie Brown - Live in Buenos Aires,284,unknown,39,3ksF058sVZ21EgQdRLbUyI
627,Hymn for the Weekend - Live in Buenos Aires,302,unknown,39,0w6X9iRKrMyDpRRtbu4tE0
628,Fix You - Live in Buenos Aires,327,unknown,39,7mGJlNOAOmJ5ptkmujg1Gv
629,Viva La Vida - Live in Buenos Aires,251,unknown,39,4Y9lVjRD82aJOQ2v13UIoF
630,Adventure of a Lifetime - Live in Buenos Aires,306,unknown,39,3ERJLifTcWBFNZRl6QAqEC
631,De Música Ligera - Live in Buenos Aires,369,unknown,39,1aQKPnGNa5vK7aA6lTm4JS
632,Colour Spectrum - Live in Buenos Aires,117,unknown,39,5MVyXzR1HARqSkQjhPrNBO
633,In My Place - Live in Buenos Aires,277,unknown,39,0o7htzPrB8bP0jnyjiqUdj
634,Amor Argentina - Live in Buenos Aires,316,unknown,39,1rAZrYT0Ad4F1RiDaxYknE
635,Something Just like This - Live in Buenos Aires,244,unknown,39,0hreO9tj5yiYftUuVThaea
636,A Sky Full of Stars - Live in Buenos Aires,276,unknown,39,1EMFnyhETKfI52uhI4baGY
637,Up&Up - Live in Buenos Aires,525,unknown,39,3glegOEXSkk8HanJe7ZB08
638,End Credits - Live in Buenos Aires,123,unknown,39,6c64ANGY0NfO2YMpbcJUOR
639,A Head Full of Dreams,223,unknown,40,6f49kbOuQSOsStBpyGvQfA
640,Birds,229,unknown,40,3HWDWyIqWuLsTHECx9DvXF
641,Hymn for the Weekend,258,unknown,40,3RiPr603aXAoi4GHyXx0uy
642,Everglow,282,unknown,40,5qfZRNjt2TkHEL12r3sDEU
643,Adventure of a Lifetime,263,unknown,40,69uxyAqqPIsUyTO8txoP2M
644,Fun (feat. Tove Lo),267,unknown,40,7fJFDK6XjYsXcMKNHESbot
645,Kaleidoscope,111,unknown,40,7IX7VAXujvcZ3e1PG7sGP7
646,Army of One,376,unknown,40,4giCxIFPZNQIP4bIZM4sqH
647,Amazing Day,271,unknown,40,3wtV2ifnHzirkAElgTGh63
648,Colour Spectrum,60,unknown,40,3VqiD8Yvk6bKwqS1e64PHB
649,Up&Up,405,unknown,40,31L9yLXSj6LpCFupyMV6CR
650,"Always in My Head - Live at the Royal Albert Hall, London",237,unknown,41,0zM6Zj4Iao1tJFHWc2PsrL
651,"Magic - Live at the Enmore Theatre, Sydney",292,unknown,41,3bVwuZb0nYvAMn3roElQnY
652,"Ink - Live at Le Casino De Paris, Paris",249,unknown,41,29G1awyCr8RHz9EsTwqC6P
653,"True Love - Live at the Enmore Theatre, Sydney",260,unknown,41,4KmOOVu1sdBLKJbfEm4p1X
654,"Midnight - Live at the Royal Albert Hall, London",288,unknown,41,5lsz74yVLAvt3anpHZHCTS
655,"Another's Arms - Live at the Beacon Theatre, New York",235,unknown,41,79fUOcp3p5YCkBD6ILl6Tz
656,"Oceans - Live at E-Werk, Cologne",268,unknown,41,2OKnY0cqro0qsOijOondrr
657,"A Sky Full of Stars - Live at the Royal Albert Hall, London",278,unknown,41,2WXTF0qgKbczC2O8VymeLO
658,"O - Live at Royce Hall, Los Angeles",336,unknown,41,1ZAcQoFIdhYdKx8FaR4c3t
659,Always in My Head,216,unknown,42,0FMjqbY3aWo1QDbo3GwXib
660,Magic,285,unknown,42,23khhseCLQqVMCIT1WMAns
661,Ink,228,unknown,42,6c6W25YoDGjTq3qSPOga5t
662,True Love,246,unknown,42,0fQuzbQNLcD1ofo7B2NcFI
663,Midnight,294,unknown,42,4GKk1uNzpxIptBuaY97Dkj
664,Another's Arms,234,unknown,42,22uzF19LxQW87kOVkR79Fq
665,Oceans,321,unknown,42,2u4uhtETtcULnkBfFHSnDX
666,A Sky Full of Stars,267,unknown,42,0FDzzruyVECATHXKHFs9eJ
667,O,323,unknown,42,77yuzxCS3csrgTPSW0pvyk
668,Mylo Xyloto - Live,57,unknown,43,0ejLFn10FIMPNSwCmIviyR
669,Hurts Like Heaven - Live,256,unknown,43,1mw50a4DGRhkdMX7nOoLE4
670,In My Place - Live 2012,235,unknown,43,5OOloRWmvXZG3aQaeWjDNN
671,Major Minus - Live,219,unknown,43,4WyX6hwqB1forx046ilrg2
672,Yellow - Live,411,unknown,43,58MrV6J9oS46ViY1N6gTJX
673,God Put a Smile upon Your Face - Live,321,unknown,43,7nyK4SxiizwxDRr4V2JJaF
674,Princess of China - Live,228,unknown,43,0t1nm5TmszvLLVAOLiOrH8
675,Up in Flames - Live,197,unknown,43,7cmWfBUtzV8DQTw47nA5OD
676,Viva La Vida - Live,298,unknown,43,5ZV67iTfNpW3ueMCELLiSX
677,Charlie Brown - Live,300,unknown,43,1u0LrLPnIfVeHOzFfye3Lf
678,Paradise - Live,332,unknown,43,1lWLwMV3peo5fJp5hHRCHS
679,Us Against the World - Live,232,unknown,43,6i8gAfT84lsvS8R7ggDZKe
680,Clocks - Live,284,unknown,43,7LIQNY8P7ZGxilKVX88MF1
681,Fix You - Live,300,unknown,43,6L0uCWhXyBNncoDgfEvK1R
682,Every Teardrop Is a Waterfall - Live,324,unknown,43,3nbAuEdSqBVF5m2QwVYlzR
683,Mylo Xyloto,42,unknown,44,3vCzHYgSjMuGjFMfJSCx4c
684,Hurts Like Heaven,242,unknown,44,6WF4hzdGXvXd1joERSXJjm
685,Paradise,278,unknown,44,6nek1Nin9q48AVZcWs9e9D
686,Charlie Brown,285,unknown,44,1yqMgZNrevsWMLWfO2PRp5
687,Us Against the World,239,unknown,44,5zyfzNnBzN7f7PVkJFnW2g
688,M.M.I.X.,48,unknown,44,5Y7ztPw93VbAle55brM0jo
689,Every Teardrop Is a Waterfall,240,unknown,44,2U8g9wVcUu9wsg6i7sFSv8
690,Major Minus,210,unknown,44,6maXBs9zUY48m1UNHgTeRC
691,U.F.O.,137,unknown,44,6BbIybrP84Tp99DLJg1cq3
692,Princess of China,239,unknown,44,4HXOBjwv2RnLpGG4xWOO6N
693,Up in Flames,193,unknown,44,06t6JWrU05BxaKPtct2P2n
694,A Hopeful Transmission,33,unknown,44,6n1x3DYFDpRau83XsI32NU
695,Don't Let It Break Your Heart,234,unknown,44,69ho6gqRw1Rjy56tXlvnqk
696,Up with the Birds,225,unknown,44,5lIFsEWj9IjNEALbHnPosE
697,"Glass of Water - Live in Sydney, 2009",284,unknown,45,6MR1HlTg8ARX1MqntlbDpr
698,"42 - Live in Madrid, 2008",292,unknown,45,49UkdEi78uZGqQz4rWpkim
699,"Clocks - Live in Madrid, 2008",280,unknown,45,2jo5mWVDLwBES6O7Xz58PD
700,"Strawberry Swing - Live in Madrid, 2008",256,unknown,45,7jcMXBdTIXP1tf9cNXA4Mt
701,"The Hardest Part / Postcards from Far Away - Live in Sydney, 2009",255,unknown,45,3Pgiemb2bwxrVBYoUIhtsw
702,"Viva La Vida - Live in Paris, 2008",324,unknown,45,03fyMJOv5psp93rUj07g3S
703,"Death Will Never Conquer - Live in Sydney, 2009",99,unknown,45,34jtZbCoyKjyuG1MmfgXzX
704,"Fix You - Live in Sydney, 2009",338,unknown,45,0Ir2uqonLKO7JZwZM45558
705,"Death and All His Friends - Live in Madrid, 2008",264,unknown,45,23l7E14oZQJ9tkIy5tdeRi
706,Life in Technicolor,149,unknown,46,21E3m3rXhgWjQTo32scmfy
707,Cemeteries of London,201,unknown,46,6xbbxvsdy2kC16kUDssPLD
708,Lost!,236,unknown,46,4YSmynoaeBvITzp3N8iXYU
709,42,237,unknown,46,50CsvQKRsEd9wiYMcdsHeg
710,Lovers in Japan,411,unknown,46,0Hwwbk98kXcwyvtgkdqlMD
711,Yes,426,unknown,46,5kidFrzCBTmWlzKssBbaLb
712,Viva La Vida,242,unknown,46,3zzwBtusqxBiGRsGpsnN3F
713,Violet Hill,222,unknown,46,62UfaFAh45l2jimrgvQRvB
714,Strawberry Swing,249,unknown,46,4DLHhwZCJptTUCQPk6IAq8
715,Death and All His Friends,378,unknown,46,6BwzZV2z4CS6n85sqmk0BU
716,Life in Technicolor ii,245,unknown,46,0VpFFXnT2kNjqJmTv57aZi
717,Postcards from Far Away,48,unknown,46,4sbbpL1WwwGRr6xWk2y0Hk
718,Glass of Water,284,unknown,46,0Y27miOkWnVymvOIA19BgU
719,Rainy Day,206,unknown,46,551YulB9BVtzcCQl0vX6nC
720,Prospekt's March / Poppyfields,219,unknown,46,4yr1059N96a8msTHVftmFN
721,Lost+ (with Jay-Z),256,unknown,46,1y0ZoHeeEd0XTT8X7SnSq3
722,Lovers in Japan - Osaka Sun Mix,238,unknown,46,1wV03IHNBW0ZkT5lBCScXb
723,Now My Feet Won't Touch the Ground,147,unknown,46,4PA4J8GvCN8RuE39wJ1QT1
724,Life in Technicolor,149,unknown,47,1rkbMXhEjIytsUGbhoR5pn
725,Cemeteries of London,201,unknown,47,03uqdEuopXPSCg4MvgA2fI
726,Lost!,236,unknown,47,1STAWoWHYJh2UVUx41pYMD
727,42,237,unknown,47,2i2Lz3FDIqYdsJZEWkEaTC
728,Lovers in Japan,411,unknown,47,5qPGi9p8VqcizfdgWxtmLt
729,Yes,426,unknown,47,04zfFfRMXegKi4mMkGMeze
730,Viva La Vida,242,unknown,47,1mea3bSkSGXuIRvnydlB5b
731,Violet Hill,222,unknown,47,1ZqHjApl3pfzwjweTfMi0g
732,Strawberry Swing,249,unknown,47,2dphvmoLEXdk8hOYxmHlI3
733,Death and All His Friends,378,unknown,47,0guzngk1qWk5sgdYbThEGI
734,Square One,287,unknown,48,2zQIITgo6sc5ppOfPcH205
735,What If,298,unknown,48,39qRdHcl2tizWbzlM9kUlN
736,White Shadows,328,unknown,48,0WWz2AaqxLoO0fa9ou6Fqc
737,Fix You,295,unknown,48,7LVHVU3tWfcxj5aiPFEW4Q
738,Talk,311,unknown,48,4wzt5Rrk3W98pHXAqutuJw
739,X&Y,274,unknown,48,2rxp56vVQp1zzumJ0eHLmw
740,Speed of Sound,287,unknown,48,7clUVcSOtkNWa58Gw5RfD4
741,A Message,285,unknown,48,2w3eXFL86RgxGtDr8bzwgK
742,Low,332,unknown,48,1BBtng1KOF0JuC6bSNgGmp
743,The Hardest Part,262,unknown,48,4Tw9JYF9HOuPRyccNWMgwf
744,Swallowed in the Sea,239,unknown,48,2u2WL5N3KnQnykOZi3fxL6
745,Twisted Logic,271,unknown,48,6kevl5fnM7GRJ2K2rBBnxq
746,Til Kingdom Come,250,unknown,48,1wQXj5bgxyZQ2XmE2X9s6n
747,Politik - Live in Sydney,396,unknown,49,110a2YFVoGswehZi2kkVpp
748,God Put a Smile upon Your Face - Live in Sydney,296,unknown,49,6R2ZKXEdEEYXiODsC9Fr4L
749,A Rush of Blood to the Head - Live in Sydney,410,unknown,49,5KFf0D8pLy4mzIlaJeV57P
750,One I Love - Live in Sydney,308,unknown,49,0bQQv5RqwLmOKNaMcfJ1If
751,See You Soon - Live in Sydney,209,unknown,49,4o0q6U6VX4a0VTZ06GOxg2
752,Shiver - Live in Sydney,325,unknown,49,4CCr8SvmOrHpPKeA5e0ogE
753,Everything's Not Lost - Live in Sydney,527,unknown,49,7IWbp0yWEF8nNjMLbKF0pU
754,Moses - Live in Sydney,329,unknown,49,1n7a6D28s08972ImtPtaxX
755,Yellow - Live in Sydney,336,unknown,49,6cR5WracqJzYoH80lSKW0L
756,Clocks - Live in Sydney,332,unknown,49,3cYgC50pVnjPKuh6b0xmZk
757,In My Place - Live in Sydney,253,unknown,49,3osu6FKSmLJJmqnRw5R90G
758,Amsterdam - Live in Sydney,320,unknown,49,3TQs5AmPNEnnTNSXzCQV7G
759,Politik,318,unknown,50,0u35Dpz37TY2M2j20RUdMf
760,In My Place,226,unknown,50,2nvC4i2aMo4CzRjRflysah
761,God Put a Smile upon Your Face,297,unknown,50,4hf0hL4kWyjWztZzVsM39V
762,The Scientist,309,unknown,50,75JFxkI2RXiU7L9VXzMkle
763,Clocks,307,unknown,50,0BCPKOYdS2jbQ8iyB56Zns
764,Daylight,327,unknown,50,4fP4xTSBli3tKck172LEZ4
765,Green Eyes,223,unknown,50,3ou9rSNUQnE7XYmJkUUIOc
766,Warning Sign,331,unknown,50,4bPkBHKLKd9WHizsvM2zV3
767,A Whisper,238,unknown,50,7KolrFGhfDi1JTSgQBT5sI
768,A Rush of Blood to the Head,351,unknown,50,4JJ5zGKnb1IpERyBrfmb1y
769,Amsterdam,319,unknown,50,2uQ4px5SPONsgcUpulywIQ
770,Don't Panic,136,unknown,51,2QhURnm7mQDxBb5jWkbDug
771,Shiver,304,unknown,51,0qksx8mV28lztYIZ1om8ml
772,Spies,318,unknown,51,2mLgOcRkEgq89j8WstUpui
773,Sparks,227,unknown,51,7D0RhFcb3CrfPuTJ0obrod
774,Yellow,266,unknown,51,3AJwUDP919kvQ9QcozQPxg
775,Trouble,273,unknown,51,0R8P9KfGJCDULmlEoBagcO
776,Parachutes,46,unknown,51,4qzoHxgp42ylb18ga1SWTL
777,High Speed,256,unknown,51,2DHgvPQD1jApRnT1DBZdrS
778,We Never Change,249,unknown,51,5TB6QgrF0RPIxSCGfRDLoe
779,Everything's Not Lost - Includes Hidden Track 'Life Is For Living',436,unknown,51,1RNtm45kw0hPMBz7gKiIYu
780,The Constant,246,unknown,52,3zBQdYF0MGCQHEdOV6gKVj
781,Signs,281,unknown,52,52D5HEMZJFT2w0mUxtIGQp
782,Everything You Needed,230,unknown,52,3Hjl3OZnxOVGMFHvlzGzkI
783,The Mystery of Your Gift (feat. Brian Byrne and The American Boychoir),266,unknown,52,3FP4pPFXkT23GmOxg2aJh7
784,Smile,223,unknown,52,1ephXbQgs76wqMr287rWu7
785,With You,272,unknown,52,4QuqOkry2MvlGqarcdGxUM
786,My Heart Was Home Again,274,unknown,52,06iI1gQhG22ZRG44OCv0OH
787,Konosaki No Michi,298,unknown,52,0XvQoWVSxlzVsVATQAAj14
788,Remember,258,unknown,52,4fwOMaZGG4zcvPNDZAf7Vt
789,Solo Esta Soledad (with Josh Groban),320,unknown,52,1fBHGno9XpfUSuJKm144B4
790,Empty Sky,447,unknown,52,6ELFF2YzIvwuqcH9Rclegv
791,Be Alright,223,unknown,53,3YnXcTYyxi2aHTEopSAbqM
792,Alla Luce del Sole,258,unknown,53,095ltCXC4gYkBLtf8TrMLn
793,You Raise Me Up,290,unknown,53,2QwG7mTXSZyISiPvScq3WN
794,You Are Loved (Don't Give Up),289,unknown,53,7AHMxNjcujYX1Nr78nGiI0
795,To Where You Are,232,unknown,53,6ef7PUbCtRAmUBY66HL7M1
796,Awake,311,unknown,53,7CyjlRAYTcXtfWZsZLov40
797,Granted,279,unknown,53,6nY4sQKhPbAtxIyWrtXf0v
798,Pure Imagination,263,unknown,53,5JvMLv1GLL2yCK3e69yUCv
799,You're Still You,220,unknown,53,7y7GKWIB8HicO6kCOwVnrx
800,Evermore,189,unknown,53,4Iy7MSAQMcLSSSDCEjcMun
801,Open Hands,243,unknown,53,1BN4hTx9dD5DGPhKjm57sn
802,February Song,312,unknown,53,6ML4J1YE6bSjP4zTKAej0p
803,When You Say You Love Me,273,unknown,53,3fCmQwzxT7IyIxvd7rlVSk
804,Over the Rainbow,266,unknown,53,5hkMa3M4KscoXY5BWA82WY
805,All I Ask of You (with Kelly Clarkson),239,unknown,53,1q1PS4tPsOYXZA5N1mdkMN
806,Bridge over Troubled Water,292,unknown,53,5dMc09pj0gcRQq2mWm1VzH
807,Per Te,255,unknown,53,38FG7T3ZHAXNXCQKEEtJFo
808,The Impossible Dream,255,unknown,53,2Tnpdi2Pu1fqD4ytMxc0Nn
809,Oceano,243,unknown,53,0zxvtnxGWF18YILfoNqDG4
810,Remember When It Rained,280,unknown,53,3Sgv1JP1J9zrQIrQQyjIZx
811,So She Dances,293,unknown,53,6SsFKFD5q0c50CM2exH3k1
812,Cinema Paradiso (Se),205,unknown,53,50gZ25Ih4IKYxLPBznXZUg
813,Celebrate Me Home,302,unknown,53,03RFgoYPtEtBr8dUA5rvT1
814,River,253,unknown,53,21quEutSYrFKgIRehIhIjZ
815,"What I Did for Love (from ""A Chorus Line"")",289,unknown,53,6YsGjhto3bbZQuqW2s7TAG
816,Caruso,306,unknown,53,2jteUKTqi35ka3GuzKjVhV
817,"Vincent (Starry, Starry Night)",278,unknown,53,0JtJFrprhf7SYxBcccHT45
818,"Le temps des cathédrales (from ""Notre-Dame de Paris"")",242,unknown,53,2tKtOOy4ay8E2zV1wch80y
819,Aléjate,290,unknown,53,2HK2bldmLiQxDr7XfFL7eY
820,Lullaby (with Ladysmith Black Mambazo),152,unknown,53,0xcTEAwyw1OEgelEMesUln
821,Weeping (with Ladysmith Black Mambazo & Vusi Mahlasela),285,unknown,53,6bSNKFTIF43GSYdsY8Me5j
822,Run (with Sarah McLachlan),287,unknown,53,2pU1e6Yam0AUmmiTtWcXqO
823,Brave,239,unknown,53,0BJPvSTOPzNpon44ESbhSx
824,Higher Window,277,unknown,53,7Lof8BLpTRlUWDQei9ogrN
825,Broken Vow,273,unknown,53,5G8IeeC3UsqabTlQzvK5h9
826,"Bring Him Home (from ""Les Misérables"")",203,unknown,53,3puFNhpShKepzJauD2K26U
827,99 Years (with Jennifer Nettles),242,unknown,53,4jYdfm02WsBQAUCWhjaH81
828,She,227,unknown,53,1eljLnIVZWtjeHcPPDD2rT
829,I Believe (When I Fall in Love It Will Be Forever),358,unknown,53,5KgGqEG32Y9Y579khjUxL9
830,We Will Meet Once Again (with Andrea Bocelli),235,unknown,53,4LKKRjlwyLujWLqMm2whGr
831,"You'll Never Walk Alone (from ""Carousel"")",268,unknown,53,01IfaDJlKOjxTTPBQfUxnO
832,Be Alright,223,unknown,54,48qbgqzQ1KsejIPdRuaOmi
833,Alla Luce del Sole,258,unknown,54,5UoAF2zh8viG86OG54l2RJ
834,You Raise Me Up,290,unknown,54,7D6GU43LwcYNOQdesAHlnt
835,You Are Loved (Don't Give Up),289,unknown,54,3m2yECqLhkOrLHEjcdKqOZ
836,To Where You Are,232,unknown,54,1qtFjyPPfjFzhLD1NgoLCr
837,Awake,311,unknown,54,6h0XhKxGD0ToD3NtJEY2ig
838,Granted,279,unknown,54,3AXKugn9jM5Q5k1g0jhpRE
839,Pure Imagination,263,unknown,54,6u41SE0ttSFGVeEY5Doe0Z
840,You're Still You,220,unknown,54,7jz4N98nFrGsc9Ce7zjC09
841,Evermore,189,unknown,54,2GQKQyq8h1EJrs7cSX9MrZ
842,Open Hands,243,unknown,54,36O1yuwWMGqgHq6ab9SKJp
843,February Song,312,unknown,54,5l1TS5NgDhvWgx6yjCex9s
844,When You Say You Love Me,273,unknown,54,7EmYxYQeYeF0lsPIze7pBH
845,Over the Rainbow,266,unknown,54,39hQ1HCTP1jImQtJwbRjBq
846,All I Ask of You (with Kelly Clarkson),239,unknown,54,5eFemRosFpC30adeHPfhjd
847,Bridge over Troubled Water,292,unknown,54,23tOs3Jd8ypHtrgHOInRKP
848,Per Te,255,unknown,54,2OGsQQD8WEoDR3eFVfCkcc
849,The Impossible Dream,255,unknown,54,501DmbUaz2lP8MsTr0P05g
850,Oceano,243,unknown,55,5ZwyFUUkH2kc0mGhGb0rKC
851,My Confession,298,unknown,55,4SVgj4LyP6wQVXLYtBHA5y
852,Mi Mancherai (Il Postino) [feat. Joshua Bell],363,unknown,55,7dvO5ch1gQWUt8bhBghfhl
853,Si Volvieras a Mi,259,unknown,55,7A5aQMmddgHgOA1geukTlg
854,When You Say You Love Me,272,unknown,55,1Mi7NtJnpack5n21A2TUdu
855,Per Te,255,unknown,55,7rMRYJAQHoF3HOKBCvuABd
856,All'Improvviso Amore,217,unknown,55,3djoHst3C32gr8vdGxIICH
857,Broken Vow,273,unknown,55,2B38IUExmPBp04hOXZU1V4
858,Caruso,306,unknown,55,7yEIWNBEMRWNqPmFtBk5ZY
859,Remember When It Rained,280,unknown,55,4NiYERsDZyrCX4eom9aeTI
860,Hymne à l'amour,243,unknown,55,4f3keSjSVSDLDbAUiBUUlZ
861,You Raise Me Up,290,unknown,55,5MzU9N1p4c91HyPDkydvd2
862,Never Let Go (with Deep Forest),235,unknown,55,7DFBUzSeOWts6hyFitHrzn
863,You Raise Me Up - Extended Version,327,unknown,55,1u3KWomopVTnOnonPArCUH
864,Mi Morena,280,unknown,55,5OdJmOwtIGOrXdI6lL7Vtd
865,You're the Only Place,295,unknown,55,2IMoaKGChjizqT4sh2zrC6
866,My December,305,unknown,55,7APwJWZhbCR5NzriVxmOIU
867,She's out of My Life,225,unknown,55,539mgdA1QngRBps7NMNtQH
868,Broken Vow - Vocal/Piano Version,215,unknown,55,5sRGdNU1AlbyPbIzwmTJQ1
869,Prelude,48,unknown,56,7C6jMcKTL8nWF422GyYPq1
870,The Ballad of Sweeney Todd,177,unknown,56,43PoJ73nz44Jb0aEUIby2o
871,No Place Like London,213,unknown,56,0AOXX5Qthzsq60OWwpgCLf
872,The Barber and His Wife,167,unknown,56,0jpFWfTT9D25mVPFrfA3tw
873,The Worst Pies in London,153,unknown,56,46JOBh9p07f5Qq8xkRvOVH
874,Poor Thing,216,unknown,56,1ZYcncEn8z1jnIbCoSkEAE
875,My Friends,231,unknown,56,4HlAKD8tW1xXzgOtgvzCQl
876,Green Finch and Linnet Bird,167,unknown,56,5tdoF1SB8xH53wiBYJYleh
877,"Ah, Miss",122,unknown,56,2reTK7rBtMT1xSBFKVtnqw
878,Johanna,125,unknown,56,1mFmf2aQfYSJ355B3hZ2Yl
879,Pirelli's Miracle Elixir,242,unknown,56,0qhD3BeZV8YvW4V134SY4J
880,The Contest,116,unknown,56,0yfEBHhdSYlLXSpcf0bLu3
881,Wait,139,unknown,56,33TneBVrNQq2uYkFABc0E5
882,Kiss Me (Pt. 1),89,unknown,56,6vRKoymfU2fmyXbNqO7FNd
883,Ladies in Their Sensitivities,135,unknown,56,4oI6adkh3nidzxPN6j7wMC
884,Kiss Me (Pt. 2),104,unknown,56,377qqGxm9RCtFy1hHqMC7l
885,Pretty Women (Pt. 1),90,unknown,56,4YM2cQCW2h2yBqiDPZNCBF
886,Pretty Women (Pt. 2),178,unknown,56,4wTWE5ZgphKHRj4nLQUSgt
887,Epiphany,187,unknown,56,0zs3VIe0EqruHA76S9jGpH
888,A Little Priest,465,unknown,56,6Na6290WBImRj9dbpTVFEm
889,"God, That's Good!",399,unknown,56,6FK9lBsW8pZ40IoconRPiD
890,Johanna (Act 2 Sequence),320,unknown,56,7iZ8s4GqiF2uqpBpq0A6HA
891,By the Sea,216,unknown,56,0J2CoWpKwPzmbh7sMdV7fX
892,The Letter,95,unknown,56,098AARSpFgql5pXYgh4h70
893,Not While I'm Around,206,unknown,56,5U1c6i5Jst7G9G8xlB0ppJ
894,Parlor Song,62,unknown,56,2cN8lrtG89JGF8DzVfaxAU
895,City on Fire!,126,unknown,56,51041YGyAJF07l4x4IoifN
896,Searching,166,unknown,56,5ORpzWWYCF36tIgoSzW6Wu
897,The Judge's Return,199,unknown,56,6Z3AfQGKB3hXrtlQatjZJA
898,Final Scene,125,unknown,56,7j4NzlZkKZr8h6LRpittms
899,The Barber and His Wife (Reprise),106,unknown,56,26TicpqbCTVFYHNUFDkQ34
900,The Ballad of Sweeney Todd (Finale),186,unknown,56,2oqu5fUnRgJaOo3bLFH6Ca
901,The Worst Pies in London,153,unknown,57,7xMxtzwKAaRJ9wiC14aR6A
902,Not While I'm Around,206,unknown,57,3dveWnSTUuM1GyQLNoIhl9
903,Epiphany,187,unknown,57,4akggFNrmdp8biTMRmVTsU
904,Johanna (Act 2 Sequence),320,unknown,57,0kcZoSJ5Pxtal7zvitS5tb
905,By the Sea,216,unknown,57,7zCr8nnTYW5GHzUs5rppAH
906,My Friends,231,unknown,57,1DabpDepNADxxrEzGihRJg
907,The Ballad of Sweeney Todd,177,unknown,57,6yHiLeNr7ad2P4jjK3d5Pa
908,The World We Knew (Over and Over),197,unknown,58,6hQq0MPwwECts5uRfNmeGh
909,Angels,256,unknown,58,2jZgJMTzlf8i7YdzMZ2iTC
910,Celebrate Me Home,302,unknown,58,3vXML37THmjN4AqxZwRwvQ
911,Shape of My Heart (Duet with Leslie Odom Jr.),285,unknown,58,69H5m0EpUhjqxYXzGKlQjZ
912,Your Face,252,unknown,58,5imAEOr4qM7WTxpB0z2dse
913,Both Sides Now (Duet with Sara Bareilles),242,unknown,58,0wNbwbS0gw5t5UFbYp4BFc
914,She,227,unknown,58,4dokFro4jeepFFHew2WlM6
915,The Impossible Dream,255,unknown,58,3bvmuLwE4rok1bV0UAAaPg
916,The First Time Ever I Saw Your Face,271,unknown,58,6B0MJOgyFzFgPMZEQYAOKb
917,It's Now or Never,197,unknown,58,6rbGS7GEqvGur2e3nSGRx0
918,I Can't Make You Love Me,290,unknown,58,3YerBXeo69r7Q9iyVfeHGk
919,The Fullest (feat. Kirk Franklin),297,unknown,58,4DFu6PJ8kaNGyKatdoMmKy
920,Nature Boy,176,unknown,58,668wfQSiOJyTlosW8pfFTo
921,I'll Stand by You (Duet with Helene Fischer),219,unknown,58,0qRqEq5Z0wcuMl4RTQBtgK
922,April Come She Will,198,unknown,58,0tkPgmFC3AOHcWTwywJCeF
923,I Can See Clearly Now,291,unknown,58,6HBxov55vwr1oqubE2XLEU
924,Con Los Años Que Me Quedan,295,unknown,58,6l81CoSfuU6Id3HUh3XBRe
925,Solitaire,269,unknown,58,0nJXZSxf6NUZ1Hr2alaJ6I
926,The World We Knew (Over and Over),197,unknown,59,2Er4LJLPLJ4NGFvHRWTSzp
927,Angels,256,unknown,59,43HZQ0tEm8Iv8WBKWAOzbO
928,Celebrate Me Home,302,unknown,59,4mjM3Io3s5Os28sxplShDk
929,Shape of My Heart (Duet with Leslie Odom Jr.),285,unknown,59,0lYxePHawKhAHCVolVNct5
930,Your Face,252,unknown,59,0dhAGfsCiHMRbfVqYx45S7
931,Both Sides Now (Duet with Sara Bareilles),242,unknown,59,32OtZ5RAwhtsakldKwsXih
932,She,227,unknown,59,1RarO9tAGCNUYhV5xBCzrJ
933,The Impossible Dream,255,unknown,59,124kqb5VEkK21Cy8qfoJ6g
934,The First Time Ever I Saw Your Face,271,unknown,59,4CdJdCcRUIFp1IDGIb93Rf
935,It's Now or Never,197,unknown,59,4cA2GGseAj0tR0DJ9yMh7g
936,I Can't Make You Love Me,290,unknown,59,6e1VOIm2j6UUKX0lLUTcKV
937,The Fullest (feat. Kirk Franklin),297,unknown,59,6uWLAp61lAMH0Zfo95utR2
938,Bigger Than Us - Live 2018,194,unknown,60,5R0WI9mcFDT0T6iDJubM8N
939,You Are Loved (Don't Give Up) - Live 2018,290,unknown,60,7DQpRnwUhbjmwWqCJ2nOwm
940,Won't Look Back - Live 2018,221,unknown,60,09LmW48f96FtLBrU5dmPpq
941,Granted - Live 2018,281,unknown,60,4gHKtYbPRmVIv5cnZU0oUk
942,Pure Imagination - Live 2018,264,unknown,60,48PobuIH2Ij8lYk3j36ilM
943,Oceano - Live 2018,247,unknown,60,0scIe26nKTSyC9CkoxeXyj
944,Marrakech - Live 2018,160,unknown,60,5umZfMBsRBbijHc0MEcYCR
945,The Wandering Kind - Live 2018,74,unknown,60,5cHkfvy2A78xczAJzkxoDz
946,She's Always a Woman - Live 2018,253,unknown,60,7q09RK6tRuzhqadxsN2QSm
947,Lullaby (with Idina Menzel) - Live 2018,134,unknown,60,0oslOtfZS0r6C6Zp2MbqAw
948,Falling Slowly (with Idina Menzel) - Live 2018,249,unknown,60,0WPh12Flvdq9jsfmVnxmBs
949,Bring Him Home - Live 2018,186,unknown,60,5QqWTGaJ2evDe8DGOdMYTz
950,Musica Para Caminar - Live 2018,37,unknown,60,67otyO63tNLeQ7He3NCtFW
951,Música del Corazón - Live 2018,229,unknown,60,3EWXDTuplYatgSwmUrwp5B
952,River - Live 2018,252,unknown,60,00BRV3XXyIUji3L1Pwky8z
953,Alla Luce del Sole - Live 2018,261,unknown,60,5ulTfBWHqy8veVsZv542Eg
954,99 Years (with Jennifer Nettles) - Live 2018,273,unknown,60,53tTvyyHdNbgjFwToGDSSk
955,You Raise Me Up - Live 2018,299,unknown,60,2is8nhh55F6qOeZ4TwYBg2
956,To Where You Are - Live 2018,280,unknown,60,0TruOUibPqQDcKqIFylTI6
957,Bridge over Troubled Water - Live 2018,323,unknown,60,27qjmHkI3UIu5VMltCyc2Z
958,Granted,279,unknown,61,3hwtcazrCEBhKtrbnZPtOP
959,Symphony,212,unknown,61,6hiJ1UuztQYENuZtgroGQk
960,River,253,unknown,61,4ixYoAjXilw3Y5U1MU2mCf
961,Música del Corazón (feat. Vicente Amigo),254,unknown,61,2PAoRN6YvhlFeKcBNRBKZP
962,Bridge over Troubled Water,292,unknown,61,25o9BufZ4lsYgzvlfUfUjd
963,Run (with Sarah McLachlan),287,unknown,61,3gQGnhWcVBDCsZAoLFJPnf
964,S'il suffisait d'aimer,263,unknown,61,5IBs9IIER82qzuL3iFSxKh
965,Won't Look Back,221,unknown,61,6V6NRUMngNs7B9BxE2GPFB
966,We Will Meet Once Again (with Andrea Bocelli),235,unknown,61,28hIO3sitQKgRPbQ61x6bS
967,More of You,255,unknown,61,74ZdmuiqT9BbEXpOTx2ijw
968,99 Years (with Jennifer Nettles),242,unknown,61,6PimjyZSxGFFfUD0H9Jgvo
969,Bigger Than Us,184,unknown,61,3tFxdOTHaFrI29QpjBdo2g
970,You Have No Idea,278,unknown,61,3M6ZtOd0Z5qs9uVhCq40HQ
971,She's Always a Woman,238,unknown,61,4TYwau0KCcnFbvHix35Cvl
972,Silent Night,251,unknown,62,0isEQeBYJzFH9VvfoBf0NX
973,Little Drummer Boy,260,unknown,62,2caTMVusg4KWdjYwNCnCtl
974,I'll Be Home for Christmas,254,unknown,62,3mqVC6raWMmP8zdT25qCDH
975,Ave Maria,317,unknown,62,06k50BvWtdqjxj0sfP8zal
976,Angels We Have Heard on High (with Brian McKnight),210,unknown,62,7uy3xfgmk6Z1z1P4IJ1bNo
977,Thankful,288,unknown,62,0wrwvbntTAQswlZ364Bws4
978,The Christmas Song,234,unknown,62,2YkqkM4LcQDzcJtaRx4cTK
979,What Child Is This?,231,unknown,62,5gBTjygVjN8f96lVuUBhGa
980,The First Noël (with Faith Hill),273,unknown,62,5fhjN7E4rV0GqsRSQBsWeo
981,Petit Papa Noël,244,unknown,62,3kc5qCZaPavABgIAurVmLr
982,It Came Upon a Midnight Clear,253,unknown,62,3jRTXC9f1gsQWU45VXKGnm
983,Panis Angelicus,257,unknown,62,2jFoubugujL6pg6hqswLOX
984,O Come All Ye Faithful (with The Mormon Tabernacle Choir under the direction of Craig Jessop),278,unknown,62,2DoJvlkPXv8DOsuO4gbR3e
985,White Christmas,236,unknown,62,1euNQNgkRPOQogKvH6X3vG
986,Christmas Time Is Here (with Tony Bennett),210,unknown,62,7GhKjft6686rQW4G5UzFr3
987,Have Yourself a Merry Little Christmas - Piano / Vocal,233,unknown,62,6wkowmupsnJFedkVyFJthp
988,Happy Xmas (War Is Over),206,unknown,62,5I8lJF8EeLQAQj8rSPuRMX
989,Believe,243,unknown,62,1PPunVEmMEPbLxb3ejHgaB
990,O Holy Night,288,unknown,62,6JY1Bv099vhkeAHuSjNlQJ
991,Pure Imagination - Live 2015,267,unknown,63,57a4gxXY4coOkoAsY6seIQ
992,Old Devil Moon - Live 2015,260,unknown,63,5M5Ked94XJXShxLhg56oB2
993,Finishing the Hat - Live 2015,190,unknown,63,7wSqBJ2ZKyuMS5qiWSnbaV
994,Try to Remember - Live 2015,272,unknown,63,2hGfw9b1SP8pM6wHWXPXH6
995,What I Did for Love - Live 2015,297,unknown,63,3tQCkbrIMnnzIzDIoyWv1s
996,Bring Him Home - Live 2015,204,unknown,63,2BsNukhvG705CWGZO0s543
997,All I Ask of You (with Kelly Clarkson) - Live 2015,251,unknown,63,4nhXAeMbjwalAGq51qtE1E
998,Children Will Listen / Not While I'm Around - Live 2015,282,unknown,63,6KCkbl0dBNdx0xpBrgTEGi
999,Anthem - Live 2015,230,unknown,63,7kjRqY8i627v5av0KekVst
1000,If I Loved You (with Audra McDonald) - Live 2015,269,unknown,63,29Mzkv8zu49sEiSPCrwKGp
1001,Unusual Way - Live 2015,229,unknown,63,2cpy1AeLYvvAZaVSsYFkWM
1002,Le temps des cathédrales - Live 2015,248,unknown,63,2shulzmkHSb2HN5ADKVpFv
1003,Over the Rainbow - Live 2015,273,unknown,63,08OSizwRsTjZMgi9aNX9yW
1004,Empty Chairs at Empty Tables - Live 2015,281,unknown,63,15w5mS3BwV8wdKC6xT8Y7Y
1005,You'll Never Walk Alone - Live 2015,286,unknown,63,2uLMx1VXLJ5upSA2Kjy5JI
1006,"Pure Imagination (from ""Charlie and the Chocolate Factory"")",263,unknown,64,2Amj13n8K8JRaSNXh2C10G
1007,"What I Did for Love (from ""A Chorus Line"")",289,unknown,64,48CavpueILIiJGcN6LvS8L
1008,"Bring Him Home (from ""Les Misérables"")",203,unknown,64,5UfACd1R7ydQdNdmJheK8z
1009,"Le temps des cathédrales (from ""Notre-Dame de Paris"")",242,unknown,64,7uD5kvyXomFItBhlGHJNYO
1010,"All I Ask of You (from ""The Phantom of the Opera"") [with Kelly Clarkson]",239,unknown,64,3XbuqATuVYo20LysQKShOW
1011,"Try To Remember (from ""The Fantasticks"")",279,unknown,64,7AZPeCfIme4wweBUkZ3YZH
1012,"Over the Rainbow (from ""The Wizard of Oz"")",266,unknown,64,5F71PfO0UhvqRYkJNNuLI5
1013,"Children Will Listen / Not While I'm Around (from ""Into the Woods"" / ""Sweeney Todd"")",276,unknown,64,1BoFfvjU1p8NILeMI1qzTD
1014,"You'll Never Walk Alone (from ""Carousel"")",268,unknown,64,4eFBk0tbS2FyI4T7nLwGUC
1015,"Old Devil Moon (from ""Finian's Rainbow"") [feat. Chris Botti]",261,unknown,64,6Pr9I9ydcdrm6PE5b9Oujp
1016,"Finishing the Hat (from ""Sunday in the Park with George"")",188,unknown,64,3hzhrrLjyEMftMn4E32Br1
1017,"If I Loved You (from ""Carousel"") [with Audra McDonald]",256,unknown,64,2LAef3hYqlHzkBFd8pR6AS
1018,"Anthem (from ""Chess"")",208,unknown,64,7nUH6kesT8qgdLpvL3mGkB
1019,"Gold Can Turn to Sand (from ""Kristina"")",253,unknown,64,2qAMguyz3EwA0PnF7Bo8l5
1020,"Empty Chairs at Empty Tables (from ""Les Misérables"")",252,unknown,64,3yGmmiwMiHFytWRS2sbfMM
1021,Brave,239,unknown,65,3PlYkJyXnAeJAPTJ2m9YFF
1022,False Alarms,273,unknown,65,0OC0QAIedJXtTz0bjWAs5Q
1023,Falling Slowly,260,unknown,65,3MmVfbSKmoIivJ5mtSV3JK
1024,She Moved Through the Fair,295,unknown,65,7AVDLrP73Pa27WS7uu0ood
1025,Below the Line,208,unknown,65,5qrkLSD1Lf1K9ZwdrMTpzN
1026,E ti prometterò (feat. Laura Pausini),236,unknown,65,4jb16FwQt75m6nogSOZwBu
1027,The Moon Is a Harsh Mistress,225,unknown,65,2euZSrqKMXydDpdOlM8biK
1028,Un alma más (feat. Arturo Sandoval),250,unknown,65,58Xkg3LJSLNJ16TjPivQmL
1029,Happy in My Heartache,188,unknown,65,7pgHCrt9ieRJSzGpIfgwgG
1030,Hollow Talk,334,unknown,65,0JQP1bwayX3SEgT9ggc31K
1031,Sincera,215,unknown,65,3eWfIqKOLCTbrQwrXKEtw4
1032,I Believe (When I Fall in Love It Will Be Forever),358,unknown,65,3kfFa7G3dFjK41m9zo3Ssm
1033,Changing Colours,287,unknown,65,1N0wpyVyBc6cFIhs3wkQ3I
1034,Satellite,255,unknown,65,2F5DWiL837PGCW4zt9VuEt
1035,Grazie,258,unknown,65,0omrYDaL8JtJdKCapzmAY9
1036,Play Me,206,unknown,65,75cBXhAPrws9DFwXF16qyI
1037,Brave,239,unknown,66,1ygenv6bf12OFsEuTnuO2j
1038,False Alarms,273,unknown,66,0m9IBr2GlIDnhEIS5gPIr7
1039,Falling Slowly,260,unknown,66,1dom8sqnz48dRvBfDft7Ry
1040,She Moved Through the Fair,295,unknown,66,3REilyLDTruptlH5gICtlx
1041,Below the Line,208,unknown,66,2yPz7NxSzq7w4XsfqMAGWj
1042,E ti prometterò (feat. Laura Pausini),236,unknown,66,4emy7tjM9NpOiRNjVf0qln
1043,The Moon Is a Harsh Mistress,225,unknown,66,4pK6MtoP7AGl7rlj06LXps
1044,Un alma más (feat. Arturo Sandoval),250,unknown,66,5ghFTRv30U2miDGicyQg3N
1045,Happy in My Heartache,188,unknown,66,6iJjpB1CgeQ8ZiYLKd0gWN
1046,Hollow Talk,334,unknown,66,2qejxYl9MdQHzjONCUyMd3
1047,Sincera,215,unknown,66,4mo8ujXuVhO3c15KBdoh8V
1048,I Believe (When I Fall in Love It Will Be Forever),358,unknown,66,58v9B0FI0DZVMiD6zMIO0h
1049,The Wandering Kind (Prelude),157,unknown,67,7oONS5KyagKsvkl6oGvGxo
1050,Bells of New York City,229,unknown,67,2dPH8BpFW1BlKzlE5XmFBV
1051,Galileo (Someone Like You),201,unknown,67,25lkpWDr2d3aMCJh2GliZy
1052,L'Ora Dell'Addio,206,unknown,67,1g7jcPBIHpth1nQr5NU20x
1053,Hidden Away,234,unknown,67,2y9zrohlKF6eZnVgrGcToP
1054,Au Jardin des Sans-Pourquoi,210,unknown,67,6PmKTLALC0iLb2VfLL9sTn
1055,Higher Window,276,unknown,67,3lLueaPbAD90JeqRVRQd2c
1056,If I Walk Away,232,unknown,67,4AmxWPMXemKYolpTknLeLr
1057,Love Only Knows,280,unknown,67,5qPtQv8XEJbuSxxM3INxLi
1058,Você Existe Em Mim,305,unknown,67,5s4sjLD7BUMrRvwFLSDUUC
1059,War at Home,284,unknown,67,35sb2Hfff2gnCQN5bDVsyk
1060,London Hymn,116,unknown,67,3YN8XwoaJH33O628915Fhd
1061,Straight to You,250,unknown,67,0cOyfq67VzuXezmEdOdIEQ
1062,You Are Loved (Don't Give Up) - Live 2007,271,unknown,68,3HzodUxICiLuBpc6bbZwob
1063,Mai - Live 2007,266,unknown,68,2Qr2BgvKxuBYQGOZjO8avz
1064,Un Día Llegará - Live 2007,268,unknown,68,5WukcQjzeY5P4MWPCuJMxF
1065,Un Giorno per Noi - Live 2007,320,unknown,68,4M8zOVpAHiWCnRctdkQdsA
1066,Now or Never - Live 2007,219,unknown,68,53tQXnuH2817lLDmATw0JP
1067,So She Dances - Live 2007,295,unknown,68,4dLlWr4Z82tN5z9YjnrbE3
1068,February Song - Live 2007,328,unknown,68,23jZkz14B5QeWGp1w2wJhV
1069,Alla Luce del Sole - Live 2007,258,unknown,68,6xkNsCeN6y4e5JvuqWp1ay
1070,Aurora (with Lucia Micarelli) - Live 2007,127,unknown,68,6ttI50RV5HAdh9bkUoP0hw
1071,Kashmir (with Lucia Micarelli) - Live 2007,174,unknown,68,7d1ww0dxIIuMht0KhXJtMo
1072,In Her Eyes - Live 2007,290,unknown,68,7F6IBqkpe5bAC8ZfCJ4QEv
1073,Pearls (with Angelique Kidjo) - Live 2007,266,unknown,68,2t3RpFsxSknS8ZbtvnThRt
1074,L'ultima Notte - Live 2007,264,unknown,68,11ZpjnTDOpop0qfHeBkoL2
1075,Remember When It Rained - Live 2007,289,unknown,68,6HbILXbGFn2NIKYgRPbtnN
1076,Lullaby - Live 2007,142,unknown,68,0pv2lx7KCoKCf9zp6nV2nH
1077,Weeping - Live 2007,331,unknown,68,1aV1O47WT9PkjKHKcNytW5
1078,Machine - Live 2007,310,unknown,68,5ElwutH56EJrxE5cvZlOyW
1079,Canto Alla Vita - Live 2007,291,unknown,68,5JFnBH6vijXdLSSpebW5FZ
1080,You Raise Me Up - Live 2007,310,unknown,68,4RbDDF7161MTRE0PssBWWB
1081,Awake - Live 2007,364,unknown,68,7t4bm3vkokeaHXUrfwuBk6
1082,Mai - Live 2007,282,unknown,69,2Zea1Mf9ZrkdsiOQ8RG0Hp
1083,February Song - Live 2007,311,unknown,69,3FW6H3Hp5TplRu7Xs4lgR7
1084,In Her Eyes - Live 2007,295,unknown,69,2JCCHeZhTtTUr2WNm3nWe0
1085,So She Dances - Live 2008,300,unknown,69,61t37OusLS4j367v0lX0Jp
1086,Un Día Llegará - Live 2007,267,unknown,69,6ZKKautozGP7f3wsRMHetR
1087,Pearls (with Angelique Kidjo) - Live 2007,354,unknown,69,5Nf4encPMr8heufXZbsGxp
1088,Weeping - Live 2007,334,unknown,69,4LH0veBGU3XRjld9yYg8HG
1089,Machine - Live 2007,316,unknown,69,3GNGBb9Oa1N0h8nXgCwXqv
1090,Awake - Live 2007,424,unknown,69,5jK7xFBxK9RBHYqBiP3JDX
1091,Silent Night,251,unknown,70,2YwlxStGGlywnQiM5Z0I4y
1092,Little Drummer Boy,260,unknown,70,0Znrkkl2NYC2AEbgEbENSO
1093,I'll Be Home for Christmas,254,unknown,70,4hYI8nymxxb6VjmIBi5Agx
1094,Ave Maria,317,unknown,70,7grcyKyYbHzb81Y1dGkh8y
1095,Angels We Have Heard on High (with Brian McKnight),210,unknown,70,7yPtjVIw1fQ86Pug1Tuzbd
1096,Thankful,288,unknown,70,53zfWmXLHcg3wBYa6ycCLu
1097,The Christmas Song,234,unknown,70,02E2oPfWBE0hTyKt5sEUQZ
1098,What Child Is This?,231,unknown,70,3YV3ZrhT6fGPXQieT3Zsrp
1099,The First Noël (with Faith Hill),273,unknown,70,1sEC3X76vXgpsgnfaXEMwR
1100,Petit Papa Noël,244,unknown,70,0w2OW2wHawQ08AYBaHlxgL
1101,It Came Upon a Midnight Clear,253,unknown,70,040PVy5Qjz6z4IAvsLbXbn
1102,Panis Angelicus,257,unknown,70,0Enk7DUnMDAeF7cjdMSRlV
1103,O Come All Ye Faithful (with The Mormon Tabernacle Choir under the direction of Craig Jessop),278,unknown,70,6GF0Kz7Qs5liEF59yUfHzQ
1104,Mai,275,unknown,71,5jmncv6nBzB4uDy1vCpMsb
1105,You Are Loved (Don't Give Up),288,unknown,71,4ETPEEP8uDsD66ooEINjHK
1106,Un Día Llegará,257,unknown,71,29qdrKdGqfoJpJhHmUheN5
1107,February Song,312,unknown,71,0K5fqBg0rfXHa8AWW722Tj
1108,L'ultima Notte,261,unknown,71,43xVvofQkGcboR6cnDuxDM
1109,So She Dances,293,unknown,71,2r5A3d5opcgsVPeVOL9u9j
1110,In Her Eyes,293,unknown,71,0yXiJSYPSxshb0HC6nB4BR
1111,Solo por ti,239,unknown,71,1HgPk95wMtr23k1CzCwraD
1112,Now or Never,218,unknown,71,0rFz56NgmJ9BnG8p4LtkBI
1113,Un Giorno per Noi,314,unknown,71,3IjWSDsoQNhO0SGf7xb4a8
1114,Lullaby (with Ladysmith Black Mambazo),152,unknown,71,4Fkq8yuuohRXxmmAeFikub
1115,Weeping (with Ladysmith Black Mambazo & Vusi Mahlasela),284,unknown,71,1nTIMFZ6rD8BRe2HvXZrph
1116,Machine (with Herbie Hancock),294,unknown,71,1F68VwGtGekp6N5O8Pa1QT
1117,Verità,239,unknown,71,78fiXRkKN0Eh0CGInEYXgV
1118,Awake,311,unknown,71,0bzyKvBTyjv1e7eyUlOWy5
1119,Oceano - Live at the Greek 2004,236,unknown,72,607WxB7jgB69vfkaCO1aZx
1120,Mi Mancherai (Il Postino) - Live at the Greek 2004,433,unknown,72,1PpKTsswEVwcu6Lbzud4SU
1121,Mi Morena - Live at the Greek 2004,286,unknown,72,1kNSYaJ9dMyqtiJlRXqgJv
